code_muni,pct_acum
5107925,3.19
5218805,5.25
5106240,7.19
5106224,8.96
5211909,10.46
5103502,11.77
5107065,13.01
5005400,14.25
5102637,15.42
5107040,16.48
5104526,17.44
5105259,18.39
5107941,19.27
5101902,20.14
5107859,20.99
5106802,21.82
5007901,22.64
5102686,23.45
5107875,24.23
5107909,24.99
5108501,25.73
5003702,26.46
5108006,27.15
5102702,27.84
5213756,28.52
5006606,29.19
5108907,29.85
5104609,30.48
5103700,31.09
5102678,31.69
2101400,32.28
5213103,32.87
5107768,33.46
5107248,34.05
5106307,34.62
5103858,35.12
5206206,35.62
2211209,36.11
5103056,36.57
5007695,37.02
5107354,37.45
2201150,37.88
5107792,38.29
5205471,38.7
5007208,39.11
2928901,39.51
5001243,39.89
5004502,40.27
5107305,40.65
5002407,41
5101852,41.36
2909307,41.69
5104542,42.03
5107958,42.35
4127700,42.68
5300108,43
5105580,43.32
5003256,43.64
4102000,43.96
1703842,44.26
5103304,44.56
5005251,44.84
4128005,45.11
3170404,45.39
5100201,45.67
5100607,45.94
2112001,46.21
5005707,46.48
4104808,46.74
5000609,47.01
3149804,47.27
5002951,47.53
5216403,47.79
5204409,48.05
5100409,48.3
3170107,48.56
5108303,48.81
5107602,49.06
5219308,49.31
2911105,49.57
3522406,49.81
4125704,50.06
5105606,50.28
5107008,50.5
5220603,50.71
4127403,50.92
4117909,51.13
5105101,51.33
5216452,51.54
5104559,51.74
3147006,51.94
5106281,52.14
5106265,52.34
2201903,52.53
5106372,52.72
5002704,52.9
5104203,53.08
2917359,53.25
2208908,53.43
2923803,53.6
5103353,53.77
5103908,53.94
5100250,54.1
1100304,54.27
1506708,54.43
5107180,54.6
3103504,54.76
5106422,54.92
5203500,55.08
5108600,55.24
5106778,55.4
5007935,55.56
5106216,55.72
2903201,55.87
1101468,56.03
5107743,56.18
4113700,56.34
5210109,56.49
3170206,56.64
4114005,56.8
4109401,56.95
3109303,57.1
4127502,57.25
5212501,57.4
2203230,57.55
4103701,57.7
2111607,57.84
5200175,57.99
2807105,58.13
4112959,58.27
2900355,58.41
2209203,58.55
5200134,58.68
2801405,58.82
4120655,58.96
1100072,59.1
4103909,59.23
3162500,59.36
5220504,59.5
4107504,59.63
5105903,59.76
4126504,59.89
4108809,60.02
3156908,60.15
4116703,60.28
4126405,60.4
4108601,60.53
5104807,60.66
4127957,60.78
5106190,60.91
4106308,61.03
5209101,61.16
1100924,61.28
1100056,61.41
5204003,61.53
5002209,61.65
2919553,61.77
2109700,61.88
1703909,62
1506583,62.11
3119302,62.23
1504752,62.34
5215603,62.45
5207253,62.57
4104907,62.68
4114609,62.79
5103007,62.9
5006002,63.01
4123501,63.12
4125308,63.23
5220009,63.34
4313706,63.45
5004601,63.56
3129509,63.67
4203600,63.77
3153400,63.88
3148004,63.98
5106000,64.09
5205109,64.19
5210406,64.29
4312617,64.39
3108206,64.49
4123907,64.59
2109502,64.69
4120507,64.79
5100359,64.89
4103453,64.99
4104303,65.08
5103601,65.18
4100707,65.27
5102694,65.37
5108055,65.46
3143104,65.55
3169307,65.64
5107800,65.74
5108105,65.83
2926202,65.92
5001508,66.01
1100031,66.1
3145000,66.19
4318903,66.28
4106407,66.37
4104428,66.46
5105507,66.54
2908101,66.63
1506807,66.72
5000906,66.81
4115200,66.89
4113734,66.98
3510203,67.07
4115358,67.15
3521705,67.24
4120606,67.33
4121356,67.41
5218102,67.5
3139102,67.58
3535309,67.67
2106102,67.75
3528809,67.84
5004304,67.92
4100806,68.01
4103370,68.09
4118808,68.17
4103008,68.25
4125001,68.34
3109451,68.42
3510005,68.5
4322509,68.58
3510807,68.66
2102804,68.74
4124053,68.82
2100501,68.9
3521804,68.98
5204805,69.06
5215306,69.14
3117306,69.22
3508009,69.3
3148103,69.38
3155504,69.45
3517406,69.53
2802304,69.61
4121109,69.69
4118501,69.76
5107776,69.84
5005103,69.92
1718204,69.99
3151503,70.07
5208152,70.14
4102109,70.22
5107198,70.29
4117701,70.37
5105150,70.44
4111100,70.51
2110005,70.59
5105200,70.66
1100205,70.73
3128600,70.81
4119301,70.88
3126208,70.95
4127007,71.02
5007703,71.09
4114807,71.16
4108205,71.24
5100300,71.31
1506187,71.38
4103602,71.45
4114401,71.52
4119400,71.59
5211503,71.66
4113403,71.73
4124020,71.8
1716505,71.87
4107702,71.94
4112207,72
2204402,72.07
4306106,72.14
3546405,72.21
1701101,72.27
5217104,72.34
3522307,72.41
4109807,72.48
4117305,72.54
4116802,72.61
2210631,72.68
5002100,72.74
4117222,72.81
5222005,72.87
3130705,72.94
5106299,73
4116059,73.06
4200101,73.13
1502939,73.19
3523206,73.25
5102793,73.32
5103205,73.38
3112604,73.44
5213053,73.5
5106257,73.56
3166808,73.63
1701903,73.69
4102802,73.75
3535804,73.81
1505502,73.87
2916500,73.93
5106752,73.99
3126109,74.05
4319158,74.11
5208004,74.17
5101803,74.23
3542206,74.29
4126355,74.35
1501451,74.4
4108320,74.46
5104104,74.52
4110706,74.58
4117453,74.64
4115101,74.69
5204508,74.75
5107701,74.81
5108808,74.86
4110607,74.92
3537909,74.98
5102603,75.03
3101607,75.09
5003504,75.14
1507953,75.2
3550209,75.25
2207405,75.31
4112751,75.36
4318002,75.41
5004106,75.47
4110102,75.52
3109402,75.57
4107801,75.63
2100055,75.68
1713601,75.73
5213806,75.79
4105300,75.84
3137502,75.89
4107900,75.95
4310603,76
5219209,76.05
2104107,76.1
5006200,76.15
4102406,76.2
4117404,76.26
5203302,76.31
4115804,76.36
3143500,76.41
1712504,76.46
4107553,76.51
3111408,76.56
1100320,76.61
4121307,76.66
5217609,76.71
5005004,76.76
4101408,76.81
4103222,76.86
4108304,76.91
4122404,76.96
3504503,77
4122503,77.05
4302303,77.1
4110953,77.15
3147907,77.2
4111001,77.25
3156403,77.29
5000252,77.34
4101101,77.39
1502764,77.44
3529708,77.48
2105427,77.53
3117702,77.58
5215702,77.63
4210100,77.67
5220264,77.72
3502200,77.77
4208104,77.81
4104659,77.86
1100262,77.91
4119905,77.95
4125803,78
5218508,78.04
5209952,78.09
2805505,78.13
5004700,78.18
5212105,78.22
5007406,78.27
5106182,78.31
5214606,78.36
4101606,78.4
4121604,78.45
5107263,78.49
4128559,78.54
3171006,78.58
5002001,78.63
4128534,78.67
1707009,78.71
4318804,78.76
4103354,78.8
4122156,78.84
3545407,78.89
2918100,78.93
3105103,78.97
3137403,79.01
1500602,79.06
5008008,79.1
5003488,79.14
4128401,79.18
5108956,79.23
4105706,79.27
3170750,79.31
4121901,79.35
5221502,79.39
4107306,79.43
5002902,79.47
4124103,79.52
4322608,79.56
1400159,79.6
4101903,79.64
3550506,79.68
4205506,79.72
5003306,79.76
4128708,79.8
5222054,79.84
4113205,79.88
3553807,79.92
4316709,79.96
5003801,80
4317707,80.04
5221551,80.07
3169604,80.11
2910701,80.15
4104501,80.19
3543204,80.23
2913705,80.27
3519907,80.31
3511409,80.35
3164209,80.38
4101507,80.42
5200605,80.46
4203808,80.5
4125753,80.54
4102505,80.57
5215652,80.61
3543006,80.65
1100379,80.69
4111605,80.72
4121752,80.76
2206605,80.8
5003454,80.83
5101407,80.87
4119608,80.91
4113106,80.95
5005152,80.98
4111902,81.02
4115606,81.06
3107109,81.09
4101804,81.13
3509452,81.16
4117503,81.2
4306734,81.24
1100809,81.27
4120903,81.31
1718907,81.34
4111407,81.38
4304507,81.41
3553856,81.45
1711902,81.48
4200408,81.52
3162203,81.55
3104502,81.59
3537156,81.62
4305108,81.66
3509809,81.69
5106455,81.73
5218052,81.76
4119657,81.79
4110003,81.83
2102325,81.86
1713304,81.89
5004908,81.93
3504008,81.96
2804508,81.99
5207808,82.03
4125407,82.06
4111209,82.09
3500303,82.12
3112000,82.16
3130309,82.19
3141900,82.22
4106803,82.25
4120333,82.28
5003157,82.32
4311304,82.35
4122008,82.38
3114600,82.41
1710904,82.44
2102036,82.47
4105003,82.51
4126009,82.54
4114104,82.57
3134202,82.6
3553955,82.63
5212303,82.66
3500550,82.69
3113206,82.73
4128500,82.76
4204301,82.79
4107603,82.82
5107883,82.85
3127107,82.88
4317806,82.91
3530508,82.94
4121703,82.97
5219712,83
4219309,83.03
1508126,83.06
5207907,83.09
5205513,83.12
4100301,83.16
1507300,83.19
3104007,83.22
4309001,83.25
4111506,83.28
4122172,83.31
3539301,83.34
4105409,83.37
4305900,83.4
4113007,83.42
5000856,83.45
4124806,83.48
3149200,83.51
4108452,83.54
3108552,83.57
3147204,83.6
4108007,83.63
2927002,83.66
4104055,83.69
5106208,83.72
3502705,83.75
4114906,83.78
4322202,83.81
4122701,83.84
4109302,83.86
4106001,83.89
5006275,83.92
4112504,83.95
1721000,83.98
5207402,84.01
2205607,84.04
4105201,84.07
4103305,84.09
3539707,84.12
1717503,84.15
4110656,84.18
4212205,84.21
4307401,84.24
4100103,84.26
4115853,84.29
3150505,84.32
3157708,84.35
3516101,84.38
2929701,84.4
4217907,84.43
4123402,84.46
2802205,84.49
4106209,84.51
4127205,84.54
3151602,84.57
3519501,84.6
5108204,84.62
4108650,84.65
3141306,84.68
2104800,84.71
5200308,84.73
5217401,84.76
5219407,84.79
3114402,84.81
4204202,84.84
3139003,84.87
3104205,84.89
4106852,84.92
4112405,84.95
3162104,84.97
5007950,85
1718881,85.03
3138203,85.05
4102208,85.08
3142809,85.1
5203906,85.13
4128609,85.16
1100403,85.18
4120358,85.21
4104204,85.23
4209300,85.26
4310405,85.28
4105102,85.31
4309803,85.33
4104451,85.36
3131604,85.38
5006259,85.41
4313425,85.43
4125605,85.46
5205497,85.48
5000708,85.51
4101853,85.53
4101150,85.56
5006358,85.58
4121000,85.61
4110508,85.63
4108403,85.66
2110658,85.68
4120853,85.7
3538808,85.73
5008404,85.75
4305405,85.78
4212106,85.8
3111804,85.83
2804607,85.85
3513306,85.87
1504208,85.9
1712702,85.92
3505500,85.95
4204905,85.97
4314407,85.99
2805208,86.02
3128907,86.04
3549102,86.07
4112900,86.09
4121505,86.11
3120805,86.14
2802403,86.16
4112009,86.18
3507506,86.21
4101655,86.23
4107538,86.25
1707108,86.28
4106100,86.3
4104600,86.32
5100508,86.34
4311155,86.37
4214201,86.39
2910750,86.41
5000807,86.44
1703701,86.46
5209937,86.48
4113304,86.5
4219507,86.53
1700707,86.55
1705102,86.57
4118451,86.59
4306932,86.62
4303004,86.64
4127601,86.66
4203501,86.68
2803500,86.7
2924207,86.73
5005806,86.75
3124807,86.77
1709005,86.79
4113452,86.81
4203402,86.84
4318200,86.86
4106506,86.88
3137536,86.9
4101705,86.92
5222302,86.95
4115309,86.97
4209003,86.99
3137106,87.01
4121208,87.03
4301701,87.05
3109808,87.07
3526407,87.09
4304622,87.12
2106706,87.14
2907806,87.16
4107736,87.18
5003751,87.2
3100708,87.22
1100940,87.24
3530706,87.26
4113908,87.29
4309605,87.31
5220108,87.33
4112702,87.35
4109708,87.37
4124004,87.39
4207908,87.41
1703305,87.43
1716604,87.45
4216800,87.47
2308104,87.49
4116307,87.51
4127965,87.53
3552908,87.55
3161700,87.57
4101051,87.59
4214409,87.61
3556404,87.64
4121406,87.66
4302220,87.68
5220058,87.7
4308904,87.72
4320206,87.74
4216701,87.76
5210208,87.78
5106158,87.8
4208500,87.82
1718865,87.84
4217303,87.86
3111200,87.88
3111606,87.9
2921500,87.92
4117008,87.93
1716109,87.95
3136306,87.97
5103361,87.99
2804458,88.01
4122305,88.03
3130804,88.05
5221601,88.07
4126678,88.09
4127809,88.11
4322103,88.13
5001904,88.15
3115805,88.17
1706506,88.19
3165305,88.21
3144607,88.23
5217708,88.25
4111803,88.27
4119004,88.28
4204806,88.3
3138708,88.32
3554003,88.34
4320503,88.36
4319208,88.38
4304705,88.4
4113601,88.42
4211850,88.43
3532157,88.45
4105508,88.47
3111507,88.49
3152907,88.51
4312658,88.53
4206801,88.55
5101308,88.56
1718709,88.58
3152006,88.6
1400050,88.62
1500347,88.64
4311759,88.66
4317905,88.67
3170800,88.69
4115408,88.71
4200705,88.73
4102703,88.75
4216107,88.77
3518503,88.78
4203253,88.8
3512605,88.82
4109005,88.84
4203006,88.85
3153004,88.87
4321808,88.89
5106174,88.91
4314308,88.93
5213707,88.94
1720655,88.96
5002605,88.98
4107207,89
4314779,89.01
3162948,89.03
5204250,89.05
1101104,89.07
4118857,89.08
5006408,89.1
4127858,89.12
5219803,89.14
4306601,89.15
4126306,89.17
4126256,89.19
4123857,89.21
4302154,89.22
4205308,89.24
4308458,89.26
3164704,89.27
3134509,89.29
4104402,89.31
2805802,89.33
5213004,89.34
4304200,89.36
3107604,89.38
3154457,89.39
4108551,89.41
4209706,89.43
4304903,89.44
4309902,89.46
3168101,89.48
4304002,89.49
4113429,89.51
4317509,89.53
1700400,89.55
4305975,89.56
4205209,89.58
4114302,89.6
5102504,89.61
3507605,89.63
3120201,89.65
4106456,89.66
2802601,89.68
3138807,89.69
2104206,89.71
1505031,89.73
1200450,89.74
5201306,89.76
3121209,89.78
4109658,89.79
5108857,89.81
4112306,89.83
3526902,89.84
4312906,89.86
2304103,89.87
4104253,89.89
3113909,89.91
3150307,89.92
4114500,89.94
1713205,89.95
5002803,89.97
3553005,89.99
4126603,90
4204103,90.02
4305504,90.03
2911857,90.05
4103206,90.06
1506138,90.08
3101904,90.1
1718899,90.11
4306502,90.13
5207352,90.14
4125100,90.16
4103479,90.17
4103040,90.19
3128105,90.2
4123824,90.22
4123808,90.23
4323101,90.25
1708254,90.27
4316600,90.28
3544251,90.3
3517604,90.31
1715002,90.33
4305009,90.34
4117602,90.36
2801900,90.37
4124400,90.39
3114303,90.4
1100288,90.42
3159209,90.43
4315701,90.45
3502804,90.46
1502152,90.48
4306007,90.49
3102001,90.51
4116109,90.52
4310009,90.54
1700251,90.55
4311205,90.57
2308500,90.58
5200902,90.59
4206405,90.61
2803005,90.62
4307302,90.64
2201309,90.65
1709302,90.67
4307831,90.68
5208905,90.7
4300406,90.71
5007109,90.73
4102307,90.74
5216007,90.76
4119202,90.77
1507458,90.78
4103958,90.8
5221809,90.81
5103379,90.83
5221403,90.84
4202875,90.86
5103106,90.87
4211751,90.88
4124608,90.9
4208609,90.91
3526704,90.93
4300661,90.94
3102803,90.95
4101002,90.97
4207007,90.98
3164308,91
4117800,91.01
4122107,91.03
4303509,91.04
3131406,91.05
1200385,91.07
4322301,91.08
1100130,91.1
4111258,91.11
3150703,91.12
4310439,91.14
2805000,91.15
4317202,91.17
2107258,91.18
4216909,91.19
4110052,91.21
4114203,91.22
5214838,91.24
4202602,91.25
3114907,91.26
4316808,91.28
4116604,91.29
4119103,91.3
3529203,91.32
1703867,91.33
2931905,91.34
3110707,91.36
4104105,91.37
2909208,91.38
5201504,91.4
1721257,91.41
3515400,91.43
3168903,91.44
4322905,91.45
3144508,91.47
3528601,91.48
3519253,91.49
4314464,91.51
3554508,91.52
4308508,91.53
2205102,91.55
3543253,91.56
4217808,91.57
3123601,91.58
2930766,91.6
3523503,91.61
4204178,91.62
4316105,91.64
4116901,91.65
4209201,91.66
3105608,91.68
3165206,91.69
4117255,91.7
4301800,91.71
4113759,91.73
1100023,91.74
5210000,91.75
2803708,91.76
3115102,91.78
4300703,91.79
3523800,91.8
3152501,91.82
1100015,91.83
4205555,91.84
3152709,91.85
4311718,91.87
1101492,91.88
4207684,91.89
1200179,91.9
1707207,91.92
1101500,91.93
4108106,91.94
4211801,91.95
3506508,91.97
5101258,91.98
4210035,91.99
5002159,92
3506300,92.01
4306320,92.03
4120150,92.04
1200401,92.05
4103800,92.06
4315313,92.07
4113809,92.09
3501004,92.1
5105176,92.11
4318606,92.12
4123006,92.13
3554953,92.15
4125209,92.16
4106704,92.17
2313203,92.18
1505635,92.19
3169356,92.21
5101001,92.22
1501782,92.23
1702000,92.24
1502707,92.25
3129608,92.27
3530201,92.28
4207577,92.29
3107406,92.3
4217501,92.31
4302501,92.32
1712405,92.34
4119806,92.35
4125506,92.36
4122800,92.37
4311908,92.38
5221700,92.39
4215679,92.4
4321402,92.42
4218509,92.43
2804201,92.44
4117057,92.45
3503307,92.46
3538709,92.47
3143005,92.48
4320909,92.5
4320107,92.51
1508407,92.52
5006903,92.53
3529005,92.54
3110301,92.55
4120101,92.56
4301206,92.57
4303806,92.59
4321907,92.6
3522703,92.61
4303301,92.62
3167400,92.63
4101309,92.64
1100296,92.65
4206702,92.66
1400100,92.67
4316451,92.69
4128633,92.7
4212908,92.71
3503802,92.72
3547908,92.73
3536703,92.74
4311809,92.75
1706100,92.76
3111002,92.77
4107157,92.78
2108009,92.79
4305702,92.81
4200051,92.82
3129400,92.83
3537008,92.84
1709500,92.85
5211701,92.86
2104081,92.87
4103503,92.88
3552106,92.89
4121257,92.9
2312205,92.91
2309409,92.92
4213609,92.93
4322533,92.94
4323358,92.96
4305306,92.97
4120705,92.98
3100104,92.99
5003207,93
1707652,93.01
5103254,93.02
5106273,93.03
3111309,93.04
3530805,93.05
4319109,93.06
4300505,93.07
4201901,93.08
4202131,93.09
4215000,93.1
5207105,93.11
2202901,93.12
4316303,93.13
4201000,93.14
3541208,93.15
4107546,93.16
5007505,93.17
4100509,93.18
2300309,93.19
1706001,93.2
4214003,93.21
4305447,93.22
4315958,93.23
1100908,93.24
4310900,93.25
4127908,93.26
3104304,93.27
3165008,93.28
2102002,93.29
3132107,93.3
5004007,93.31
5205802,93.32
2313302,93.33
4108700,93.34
3548906,93.35
4306429,93.36
4309407,93.37
4112801,93.38
1504802,93.39
4117271,93.4
4306304,93.41
4219150,93.42
5007307,93.43
4315404,93.44
4207650,93.45
3533007,93.46
5204706,93.46
4125456,93.47
4108957,93.48
4212007,93.49
1708304,93.5
3160801,93.51
3122405,93.52
3145604,93.53
3110905,93.54
3519709,93.55
4122909,93.56
4318440,93.57
2208809,93.58
4123303,93.59
1718758,93.6
5205455,93.6
4118006,93.61
3533809,93.62
3505906,93.63
1100064,93.64
4107009,93.65
3170479,93.66
4300059,93.67
3118700,93.68
4128658,93.69
3169406,93.7
4308656,93.7
4210308,93.71
4121802,93.72
4107108,93.73
3534708,93.74
4107850,93.75
4204558,93.76
4214508,93.77
3151404,93.78
4110805,93.79
2111748,93.79
3503109,93.8
4102901,93.81
4128302,93.82
4124707,93.83
1101450,93.84
5005681,93.85
4115739,93.86
4306072,93.87
3145109,93.87
2910503,93.88
4212270,93.89
3119005,93.9
5006309,93.91
3114105,93.92
4123105,93.93
2805604,93.94
4204707,93.94
2901403,93.95
2700201,93.96
4123709,93.97
4300455,93.98
4321477,93.99
1504950,94
5208608,94
4321634,94.01
4210506,94.02
2104057,94.03
4205456,94.04
3118205,94.05
1101484,94.06
4311130,94.06
5209705,94.07
4309506,94.08
4303400,94.09
3515152,94.1
4323754,94.11
4302238,94.11
3554201,94.12
2801108,94.13
4111704,94.14
4219200,94.15
4305603,94.16
3522802,94.16
3557204,94.17
4312153,94.18
4314100,94.19
4218301,94.2
3513702,94.21
3133758,94.21
1503093,94.22
4217204,94.23
4300802,94.24
3518206,94.25
1720978,94.26
5205059,94.26
5215900,94.27
4308706,94.28
4109757,94.29
4203303,94.3
4211058,94.3
3162005,94.31
2302404,94.32
3541653,94.33
4303673,94.34
4104709,94.34
4317400,94.35
3524105,94.36
3535507,94.37
2305605,94.38
3527900,94.38
5205901,94.39
3146503,94.4
3154903,94.41
2305506,94.42
3117108,94.42
5201108,94.43
4207809,94.44
1100049,94.45
3521507,94.46
3521309,94.46
4120002,94.47
3500758,94.48
4307005,94.49
3124005,94.49
3204104,94.5
4304309,94.51
4201604,94.52
2806008,94.53
4318309,94.53
2301604,94.54
2311405,94.55
3152808,94.56
5200100,94.56
4118709,94.57
2803401,94.58
3104908,94.59
3536802,94.59
4103156,94.6
4216008,94.61
3109501,94.62
4212700,94.63
5107404,94.63
4202156,94.64
3531902,94.65
4323200,94.65
4307906,94.66
3540705,94.67
3523008,94.68
4219705,94.68
4322707,94.69
5007976,94.7
1503457,94.71
1508084,94.71
4109203,94.72
4204608,94.73
4315800,94.74
4318424,94.74
5205307,94.75
1200807,94.76
5203104,94.76
1502772,94.77
3514700,94.78
4307450,94.79
4322186,94.79
4124301,94.8
3551207,94.81
3531407,94.82
4312708,94.82
4316436,94.83
4202537,94.84
1720853,94.84
4315552,94.85
4315909,94.86
4208401,94.86
4313904,94.87
4313300,94.88
4115507,94.89
4102604,94.89
4218806,94.9
4211603,94.91
3552304,94.91
3151701,94.92
2200459,94.93
3143807,94.93
2110807,94.94
4200309,94.95
4305173,94.96
4112108,94.96
2103505,94.97
3543501,94.98
3149903,94.98
3545308,94.99
4123956,95
2104073,95
3549706,95.01
4217709,95.02
4314027,95.02
3144102,95.03
5206305,95.04
4219176,95.04
4300109,95.05
1704105,95.06
4103057,95.06
4320677,95.07
3123908,95.08
3536109,95.08
3163904,95.09
3523404,95.1
4315057,95.1
1710508,95.11
3130507,95.12
3108008,95.12
3204559,95.13
3100807,95.14
4122651,95.14
3502903,95.15
4210050,95.16
1200708,95.16
1700350,95.17
4319307,95.18
4320404,95.18
4312179,95.19
3151800,95.2
4315008,95.2
1503705,95.21
4106555,95.22
4207403,95.22
2302503,95.23
4320305,95.23
4107405,95.24
3538006,95.25
4203907,95.25
4214607,95.26
1720499,95.27
4310702,95.27
2605301,95.28
3161304,95.29
4215406,95.29
1101302,95.3
5211404,95.31
1100338,95.31
3525706,95.32
1100080,95.32
3551108,95.33
4106571,95.34
1100098,95.34
5208400,95.35
4218251,95.36
3134301,95.36
3511607,95.37
4118105,95.37
4207759,95.38
4317608,95.39
4317756,95.39
1505536,95.4
3143203,95.41
4309258,95.41
3203601,95.42
2902500,95.42
2803104,95.43
3513207,95.44
4206652,95.44
4311429,95.45
4321451,95.45
4322350,95.46
4309704,95.47
4103024,95.47
4303707,95.48
4209458,95.48
4308805,95.49
5220702,95.5
4323408,95.5
4321006,95.51
4316428,95.52
2909406,95.52
2901601,95.53
3121407,95.53
4306205,95.54
4124509,95.55
4314605,95.55
3501905,95.56
3535002,95.56
3161205,95.57
3118809,95.58
4219853,95.58
4202081,95.59
2104628,95.59
4113254,95.6
2704203,95.61
4314472,95.61
1200252,95.62
3112802,95.62
3532009,95.63
4300471,95.64
4213302,95.64
3111101,95.65
4311775,95.65
3166204,95.66
4310413,95.66
5218003,95.67
4307500,95.68
4305157,95.68
5005608,95.69
3538907,95.69
4317103,95.7
4219101,95.71
2208205,95.71
2112308,95.72
3152303,95.72
4305371,95.73
4106605,95.73
3515186,95.74
4206751,95.75
4306130,95.75
4100905,95.76
3150802,95.76
2930154,95.77
1100155,95.78
3517901,95.78
4115754,95.79
3537404,95.79
1500404,95.8
4313201,95.8
3131505,95.81
1504455,95.82
1200302,95.82
4112603,95.83
4213005,95.83
4218707,95.84
4214151,95.84
4200200,95.85
4205001,95.86
3522604,95.86
3102605,95.87
4313607,95.87
4219358,95.88
2302701,95.88
4210803,95.89
4103404,95.89
2111102,95.9
3169802,95.91
4100400,95.91
4301925,95.92
4300901,95.92
4307815,95.93
4218400,95.93
1505551,95.94
3512209,95.94
4215802,95.95
4314134,95.96
4302204,95.96
2702306,95.97
4208708,95.97
3524303,95.98
4304804,95.98
3101201,95.99
3512506,95.99
5208509,96
4303202,96
4118600,96.01
4203105,96.02
4120309,96.02
4110201,96.03
4210704,96.03
4319604,96.04
3100203,96.04
4213708,96.05
1718451,96.05
4313490,96.06
4120408,96.06
3128709,96.07
2103000,96.08
4213401,96.08
4312807,96.09
4201406,96.09
1714203,96.1
3118304,96.1
2928208,96.11
1715705,96.11
3166907,96.12
2601102,96.12
2305407,96.13
3112406,96.13
4107124,96.14
5219753,96.14
4126108,96.15
4215075,96.15
1508050,96.16
5211305,96.17
3510302,96.17
2305654,96.18
2307106,96.18
5221908,96.19
1100502,96.19
4307864,96.2
4305207,96.2
2102309,96.21
4309753,96.21
4210902,96.22
2307635,96.22
5211800,96.23
4316733,96.23
4301404,96.24
1101609,96.24
3556354,96.25
3555000,96.25
4308250,96.26
2106359,96.26
3108404,96.27
4304853,96.27
2101608,96.28
5106109,96.28
4323705,96.29
4321956,96.29
1200609,96.3
5215504,96.3
1508159,96.31
4216255,96.31
2305803,96.32
3136959,96.32
2302800,96.33
3115201,96.33
4315206,96.34
1101757,96.34
3135050,96.35
2923050,96.35
4309159,96.36
4302600,96.36
3302403,96.37
4314704,96.37
4116406,96.38
4301552,96.38
4207700,96.39
3153103,96.39
4319372,96.4
3548005,96.4
4318622,96.41
3507902,96.41
4307807,96.42
3121001,96.42
1502954,96.43
2301307,96.43
4319406,96.44
4318101,96.44
4100459,96.45
4314001,96.45
4320602,96.46
4304655,96.46
4306908,96.46
2302008,96.47
4211009,96.47
4302006,96.48
2310506,96.48
3505203,96.49
4310876,96.49
4117297,96.5
5212956,96.5
2105708,96.51
4310504,96.51
4100202,96.52
2612307,96.52
4321329,96.53
4212239,96.53
3538303,96.54
4115903,96.54
3124401,96.55
3158300,96.55
3164407,96.55
1702109,96.56
5202809,96.56
4200507,96.57
4110078,96.57
4211454,96.58
2202091,96.58
2110708,96.59
4218855,96.59
5217302,96.6
4317954,96.6
2308401,96.61
5219506,96.61
3122470,96.61
4110409,96.62
4311700,96.62
3546306,96.63
5222203,96.63
4207601,96.64
3134806,96.64
4312351,96.65
2310308,96.65
4305959,96.66
2302107,96.66
4128203,96.67
3543907,96.67
4311254,96.67
3139409,96.68
3503208,96.68
5214861,96.69
4319703,96.69
3536604,96.7
1100189,96.7
3540804,96.71
3517109,96.71
5204300,96.72
5200852,96.72
5101704,96.72
3516705,96.73
4103107,96.73
2107803,96.74
4119251,96.74
4313011,96.75
3136900,96.75
5205208,96.76
3553401,96.76
4202438,96.76
5100805,96.77
3547502,96.77
2309458,96.78
1505486,96.78
1717008,96.79
4114351,96.79
3548054,96.8
5208806,96.8
2311264,96.8
4302451,96.81
5215405,96.81
3547700,96.82
3533601,96.82
3514304,96.83
3146008,96.83
2800209,96.83
3116902,96.84
4211702,96.84
5107750,96.85
3520509,96.85
4300638,96.86
4304952,96.86
4311601,96.86
4300307,96.87
1400175,96.87
4209805,96.88
2300408,96.88
4306452,96.89
2204303,96.89
2202703,96.89
3120904,96.9
4301305,96.9
3109709,96.91
5007554,96.91
3519600,96.91
2807006,96.92
4200804,96.92
4301651,96.93
5212808,96.93
3529302,96.94
3102100,96.94
5209200,96.94
4116950,96.95
4300208,96.95
4209854,96.96
4305116,96.96
4306973,96.96
4313805,96.97
4320552,96.97
4217956,96.98
1200104,96.98
5214903,96.99
4302378,96.99
2310407,96.99
5106315,97
2103257,97
4322327,97.01
3512001,97.01
4320263,97.01
4200903,97.02
4108502,97.02
4312757,97.03
3146909,97.03
3505005,97.03
4320800,97.04
4212601,97.04
3524006,97.05
3553708,97.05
3502408,97.05
4316956,97.06
4322004,97.06
4204152,97.07
3170602,97.07
2314003,97.08
4204194,97.08
4215208,97.08
5205406,97.09
4301008,97.09
3529609,97.1
3116605,97.1
3142601,97.1
4200556,97.11
1100452,97.11
3504107,97.11
2929057,97.12
3512100,97.12
5210901,97.13
4313953,97.13
2921906,97.13
4102752,97.14
4320230,97.14
3554706,97.15
3545506,97.15
5201454,97.15
5213905,97.16
1507755,97.16
3159902,97.17
2208551,97.17
2304301,97.17
2111904,97.18
4115457,97.18
4316758,97.19
4322806,97.19
4209177,97.19
5221197,97.2
4312203,97.2
4309126,97.2
5200803,97.21
3519402,97.21
4323309,97.22
1703206,97.22
2111078,97.22
2208700,97.23
3119955,97.23
3544202,97.24
3112307,97.24
5206503,97.24
2106607,97.25
4217758,97.25
5219100,97.25
2307403,97.26
4209904,97.26
4313334,97.27
4313441,97.27
4315156,97.27
3537800,97.28
5210562,97.28
1100148,97.28
2602100,97.29
5004809,97.29
3126307,97.3
3553302,97.3
2202307,97.3
4202099,97.31
5203203,97.31
4105904,97.31
4301750,97.32
3519055,97.32
2926608,97.33
3159605,97.33
4318051,97.33
2702355,97.34
3140506,97.34
3144375,97.34
3170438,97.35
3521002,97.35
2804706,97.36
3530102,97.36
4322855,97.36
4322558,97.37
4126652,97.37
3120706,97.37
3502101,97.38
4314076,97.38
4215307,97.39
4315172,97.39
4211108,97.39
4313102,97.4
3116704,97.4
2805406,97.4
4318457,97.41
3159803,97.41
1708205,97.41
4310462,97.42
3519808,97.42
2100956,97.43
3148301,97.43
4104006,97.43
4205100,97.44
2303006,97.44
1506195,97.44
1200500,97.45
4316204,97.45
4125555,97.45
2111805,97.46
3202306,97.46
3540002,97.46
5200506,97.47
3543402,97.47
4310553,97.47
4316501,97.48
4314498,97.48
4218103,97.48
4107751,97.49
3170529,97.49
4215554,97.5
3538204,97.5
5218300,97.5
1707553,97.51
2107902,97.51
4321857,97.51
3542503,97.52
4218756,97.52
2923100,97.52
2609907,97.53
3520905,97.53
4117214,97.53
3557154,97.54
4218905,97.54
2308351,97.54
4315453,97.55
4310306,97.55
4311270,97.55
4319737,97.56
3510708,97.56
3109105,97.56
3115003,97.57
4314555,97.57
5209606,97.57
3170701,97.58
3162302,97.58
3163805,97.58
1716653,97.59
4201802,97.59
3171105,97.59
5220686,97.6
4204004,97.6
2305902,97.6
4310207,97.61
4310579,97.61
1505650,97.61
4204400,97.62
4217550,97.62
4313391,97.62
4308052,97.63
5205000,97.63
2801306,97.63
4314068,97.64
3132909,97.64
3154408,97.64
4215059,97.65
3536307,97.65
3514908,97.65
2308302,97.66
3515350,97.66
4310850,97.66
5215801,97.67
4314456,97.67
2801702,97.67
4219408,97.68
4205605,97.68
5214507,97.68
3169109,97.69
2110609,97.69
2313005,97.69
4219606,97.7
3128204,97.7
1717206,97.7
3512407,97.7
2607307,97.71
3540606,97.71
3525102,97.71
1400308,97.72
2310803,97.72
3129202,97.72
2807402,97.73
2308708,97.73
4305801,97.73
1200013,97.74
5204607,97.74
3532207,97.74
4202859,97.75
4211256,97.75
3138625,97.75
5212204,97.75
3154002,97.76
4201273,97.76
1715101,97.76
3133501,97.77
4308300,97.77
4203154,97.77
3554300,97.78
5216304,97.78
4307104,97.78
4202578,97.79
4304713,97.79
3518859,97.79
3510153,97.8
5209150,97.8
3154705,97.8
2109007,97.8
3509403,97.81
1706258,97.81
3114006,97.81
3550605,97.82
4215356,97.82
4320321,97.82
3528700,97.83
4204756,97.83
2909604,97.83
5209903,97.83
3130408,97.84
4309654,97.84
2311959,97.84
2311108,97.85
2304269,97.85
3552205,97.85
3512803,97.86
4312625,97.86
4107652,97.86
2104602,97.86
2925907,97.87
3124203,97.87
4302584,97.87
5103452,97.88
4216404,97.88
2313401,97.88
3524204,97.88
4314787,97.89
4306056,97.89
1200138,97.89
2802908,97.9
4213906,97.9
2703106,97.9
4317301,97.91
3504602,97.91
3544806,97.91
3515657,97.91
4313466,97.92
4323507,97.92
1722081,97.92
2103307,97.93
4316477,97.93
3116159,97.93
4211652,97.93
4311106,97.94
2312700,97.94
3505351,97.94
4305850,97.95
3108305,97.95
3116407,97.95
3527603,97.95
4319364,97.96
1707306,97.96
3154200,97.96
3533908,97.97
3506409,97.97
1502301,97.97
2301208,97.97
5220454,97.98
4113502,97.98
4312138,97.98
3536000,97.99
4303558,97.99
3171303,97.99
1506161,97.99
4306759,98
2709103,98
3515129,98
3541604,98
2300101,98.01
2303600,98.01
3545803,98.01
3104106,98.02
5204854,98.02
4314159,98.02
4300034,98.02
3140902,98.03
3516200,98.03
2200806,98.03
2207009,98.04
3500907,98.04
2909703,98.04
2200277,98.04
3127909,98.05
4210555,98.05
2312106,98.05
4208005,98.05
1713700,98.06
4320701,98.06
3125200,98.06
2208304,98.06
5219456,98.07
5203575,98.07
4317004,98.07
3157906,98.08
3541505,98.08
4312377,98.08
3515509,98.08
2928109,98.09
4204251,98.09
2901908,98.09
3557006,98.09
5106505,98.1
2202505,98.1
2303303,98.1
4211504,98.1
2304202,98.11
3502309,98.11
3516606,98.11
4212403,98.12
3130903,98.12
5002308,98.12
4307203,98.12
3515806,98.13
4214102,98.13
3160405,98.13
2311900,98.13
2100600,98.14
3155207,98.14
5103403,98.14
5219258,98.14
1718659,98.15
4122206,98.15
3130002,98.15
4312005,98.15
4320354,98.16
4123204,98.16
1504703,98.16
1301704,98.16
2303808,98.17
2307502,98.17
2102101,98.17
1500958,98.17
2313609,98.18
2310704,98.18
3161106,98.18
4318408,98.19
4200754,98.19
4312609,98.19
3530300,98.19
3133907,98.2
2912202,98.2
2311355,98.2
4315107,98.2
5206909,98.21
2305308,98.21
3536257,98.21
4320578,98.21
2102556,98.22
4309571,98.22
4205191,98.22
5208707,98.22
3541059,98.23
2311207,98.23
1711506,98.23
5214051,98.23
4214805,98.24
3157005,98.24
2314102,98.24
2301703,98.24
5216809,98.25
2910602,98.25
1500131,98.25
2210201,98.25
2308609,98.25
4118303,98.26
2401453,98.26
5106653,98.26
3508702,98.26
2107308,98.27
4321303,98.27
3502002,98.27
2803302,98.27
3202009,98.28
3540903,98.28
3113602,98.28
3501202,98.28
5104906,98.29
3506102,98.29
3129707,98.29
4206603,98.29
3516903,98.3
2304707,98.3
3100609,98.3
3539905,98.3
3555703,98.31
4219002,98.31
3135308,98.31
3134905,98.31
4211405,98.31
2209807,98.32
4308607,98.32
3540507,98.32
3140852,98.32
4302055,98.33
5219902,98.33
3507001,98.33
3500402,98.33
3111903,98.34
3529500,98.34
4316006,98.34
3523909,98.34
3519204,98.34
2807600,98.35
3551603,98.35
2207504,98.35
4315503,98.35
4303608,98.36
1400282,98.36
2111573,98.36
2207207,98.36
2932002,98.37
2205706,98.37
2602001,98.37
2806909,98.37
3516002,98.37
3516853,98.38
3168804,98.38
5218607,98.38
2707602,98.38
3110202,98.39
2205532,98.39
4218608,98.39
3532603,98.39
1400209,98.39
4213153,98.4
1503044,98.4
2110104,98.4
3513603,98.4
3517703,98.41
1709807,98.41
3159704,98.41
2302909,98.41
3533502,98.41
5107107,98.42
2309201,98.42
3144003,98.42
4215695,98.42
3531308,98.42
2104099,98.43
4309100,98.43
2500700,98.43
5206404,98.43
4308201,98.44
2807501,98.44
3165107,98.44
3103751,98.44
2312007,98.44
4126272,98.45
3553609,98.45
4212056,98.45
4312104,98.45
3556305,98.45
3156106,98.46
2913101,98.46
5215231,98.46
4323457,98.46
2108108,98.47
5221304,98.47
2203602,98.47
4315131,98.47
3107307,98.47
4300646,98.48
3532900,98.48
3544608,98.48
3534005,98.48
3524709,98.48
4209151,98.49
2603900,98.49
2312304,98.49
3145307,98.49
3517505,98.49
4215752,98.5
3525300,98.5
4206108,98.5
2204105,98.5
3116308,98.5
3114501,98.51
2109106,98.51
4213104,98.51
2104404,98.51
2702900,98.52
4305124,98.52
4126900,98.52
3120409,98.52
2105450,98.52
3117801,98.53
1100106,98.53
2309508,98.53
3102902,98.53
5202502,98.53
3515194,98.54
2205599,98.54
3519105,98.54
4110904,98.54
5007802,98.54
2700706,98.55
3552403,98.55
3135209,98.55
4310538,98.55
1500859,98.55
3105004,98.56
3151206,98.56
4211876,98.56
2310951,98.56
2301257,98.56
3501301,98.57
4311007,98.57
1720101,98.57
2930808,98.57
5200258,98.57
4123600,98.58
4213807,98.58
3525201,98.58
4105607,98.58
4206900,98.58
3110608,98.59
5101209,98.59
4315073,98.59
4301073,98.59
4313409,98.59
4119707,98.6
3110400,98.6
2105500,98.6
4312302,98.6
4211207,98.6
3521903,98.6
3549508,98.61
1720903,98.61
2103802,98.61
2105922,98.61
3107901,98.61
5001003,98.62
2303659,98.62
1703073,98.62
3534757,98.62
5212907,98.62
2204352,98.63
4217154,98.63
4319000,98.63
2200509,98.63
4301958,98.63
4312955,98.64
3168507,98.64
3111705,98.64
3109204,98.64
3507407,98.64
4308854,98.65
3145901,98.65
2306405,98.65
3138674,98.65
4316402,98.65
4306809,98.65
1702307,98.66
3508900,98.66
5106851,98.66
3507803,98.66
4300554,98.66
3540754,98.67
2806206,98.67
3527108,98.67
3200300,98.67
5219738,98.67
4305132,98.67
2313252,98.68
3121506,98.68
1722107,98.68
4119509,98.68
3203007,98.68
2207603,98.69
3554805,98.69
2306603,98.69
3550407,98.69
2919157,98.69
3540259,98.69
4204459,98.7
3135506,98.7
3125705,98.7
4316907,98.7
3135902,98.7
2211100,98.71
3552700,98.71
1701309,98.71
4313359,98.71
4312401,98.71
3523602,98.71
4209508,98.72
4323606,98.72
1506005,98.72
3528403,98.72
5219357,98.72
4109104,98.73
3504206,98.73
3511003,98.73
4107256,98.73
3548104,98.73
1721307,98.73
4319711,98.74
2933455,98.74
2303105,98.74
4311239,98.74
3165800,98.74
3551306,98.75
4317558,98.75
2704401,98.75
3537503,98.75
4301859,98.75
3528106,98.75
4201257,98.76
2106300,98.76
3541703,98.76
4302808,98.76
2905305,98.76
4308078,98.76
5206602,98.77
4308433,98.77
2307205,98.77
4217600,98.77
4321493,98.77
3556008,98.77
5210604,98.78
1715754,98.78
4216503,98.78
4312054,98.78
4307559,98.78
4315321,98.78
4319125,98.79
3124708,98.79
3537305,98.79
3550001,98.79
2203503,98.79
1718006,98.79
2927606,98.8
3103702,98.8
3526506,98.8
1300706,98.8
3515905,98.8
3533403,98.8
5201603,98.81
4306353,98.81
1504604,98.81
4311403,98.81
3165578,98.81
5211206,98.81
2305209,98.82
3141801,98.82
4122602,98.82
5214408,98.82
2300903,98.82
2208007,98.82
2200707,98.83
2306504,98.83
2302305,98.83
4203956,98.83
3534906,98.83
3158201,98.83
2112852,98.84
2613206,98.84
3532504,98.84
2200103,98.84
4201653,98.84
3148806,98.84
3102506,98.84
4305934,98.85
4305871,98.85
3532868,98.85
3143906,98.85
3113404,98.85
1507151,98.85
3119708,98.86
4302253,98.86
1508357,98.86
4311981,98.86
2312908,98.86
2300606,98.86
2709202,98.87
5214804,98.87
5220280,98.87
3126703,98.87
3159407,98.87
4310751,98.87
2207801,98.87
3132503,98.88
4322525,98.88
3127008,98.88
2516607,98.88
3123403,98.88
5102850,98.88
3108701,98.88
2311306,98.89
2912400,98.89
3133402,98.89
2310902,98.89
1501204,98.89
3531803,98.89
3555356,98.9
1400027,98.9
2201200,98.9
3140704,98.9
3522901,98.9
2307007,98.9
3522000,98.9
2100808,98.91
3540101,98.91
3555307,98.91
2801009,98.91
4202206,98.91
3509502,98.91
3107802,98.91
3101102,98.92
4128625,98.92
4312476,98.92
2201919,98.92
3122306,98.92
1718840,98.92
2310605,98.92
2920205,98.93
4306957,98.93
2107704,98.93
3155603,98.93
3122009,98.93
3130606,98.93
2605103,98.94
3555208,98.94
3513900,98.94
1508001,98.94
4211892,98.94
3518909,98.94
3546207,98.94
1507805,98.95
3512308,98.95
3156809,98.95
1704600,98.95
1100700,98.95
2303204,98.95
1504059,98.95
3544301,98.96
3137007,98.96
3539608,98.96
2302602,98.96
2204501,98.96
5208103,98.96
2304277,98.96
3107000,98.97
3506706,98.97
2102200,98.97
5219001,98.97
2211001,98.97
2203909,98.97
5218904,98.97
3124500,98.98
3143302,98.98
4201505,98.98
2305001,98.98
3114709,98.98
3545209,98.98
2210706,98.98
5106828,98.99
3145877,98.99
3167608,98.99
3513108,98.99
2110906,98.99
2928406,98.99
3539202,98.99
3517208,98.99
3143401,99
3125408,99
3114550,99
5221007,99
5003900,99
5210158,99
4320651,99
2201556,99.01
2604304,99.01
2516201,99.01
3508207,99.01
3149101,99.01
2111250,99.01
2206209,99.01
3138104,99.02
4302352,99.02
2610202,99.02
4312450,99.02
5218391,99.02
4318499,99.02
4302907,99.02
2906204,99.03
3112208,99.03
3170909,99.03
3133808,99.03
3532827,99.03
2210383,99.03
1501725,99.03
1702406,99.03
3546900,99.04
3506003,99.04
5209408,99.04
3518107,99.04
3118403,99.04
4210407,99.04
3156007,99.04
2512309,99.05
3162559,99.05
4320453,99.05
3102308,99.05
5207501,99.05
3508108,99.05
3203502,99.05
2907004,99.05
2613602,99.06
3202652,99.06
4205357,99.06
3552551,99.06
3164605,99.06
3128303,99.06
3527256,99.06
3543808,99.06
3524501,99.07
2507200,99.07
4304358,99.07
1503077,99.07
3137809,99.07
3167202,99.07
3534609,99.07
3520103,99.08
1400506,99.08
1300144,99.08
2200251,99.08
3528304,99.08
2304350,99.08
2926509,99.08
3123502,99.08
3130051,99.09
2614600,99.09
2200954,99.09
5219704,99.09
3129103,99.09
4312252,99.09
2210508,99.09
2210656,99.09
2700300,99.1
3117900,99.1
3501806,99.1
2105963,99.1
2615102,99.1
5201801,99.1
2201101,99.1
3541307,99.1
3520707,99.11
2207900,99.11
3511508,99.11
2209377,99.11
2902906,99.11
4301503,99.11
5105234,99.11
5214002,99.11
2305704,99.12
3202553,99.12
4110300,99.12
3100302,99.12
3125952,99.12
2922250,99.12
2202208,99.12
2708204,99.12
2204709,99.13
4312500,99.13
3554607,99.13
1703602,99.13
2209856,99.13
2207850,99.13
2612554,99.13
3549409,99.13
2205953,99.13
3117504,99.14
4323002,99.14
3506805,99.14
5215256,99.14
1505494,99.14
2303709,99.14
4128104,99.14
4307054,99.14
3127800,99.15
4301107,99.15
5220157,99.15
3114204,99.15
2401008,99.15
3532405,99.15
5214101,99.15
2313104,99.15
2301505,99.15
2301901,99.16
3542404,99.16
3119104,99.16
3140100,99.16
5211008,99.16
3525409,99.16
1505437,99.16
3171709,99.16
1200344,99.17
2105476,99.17
3555604,99.17
5204557,99.17
3114808,99.17
2306900,99.17
2202251,99.17
2610509,99.17
3137700,99.17
3130556,99.18
2803203,99.18
2313955,99.18
1504976,99.18
2708402,99.18
2915353,99.18
3506904,99.18
2304236,99.18
3545100,99.18
2205003,99.19
1100122,99.19
2313559,99.19
3516804,99.19
2311702,99.19
2200053,99.19
2800670,99.19
4209607,99.19
1101476,99.19
5203559,99.2
4109906,99.2
5200159,99.2
4318465,99.2
2313351,99.2
3148905,99.2
5209804,99.2
3517802,99.2
3551900,99.21
2208403,99.21
2700904,99.21
2203800,99.21
3104809,99.21
3530003,99.21
5107206,99.21
3123007,99.21
3146404,99.21
3134400,99.21
3500709,99.22
3542701,99.22
2311603,99.22
3514106,99.22
4319802,99.22
1501758,99.22
1703107,99.22
3168200,99.22
3518404,99.22
2932408,99.23
2203701,99.23
1200203,99.23
2922854,99.23
2614501,99.23
2605608,99.23
4304101,99.23
3557303,99.23
3119807,99.23
3147402,99.24
4313003,99.24
4313037,99.24
3202454,99.24
2203008,99.24
2210904,99.24
4201109,99.24
3101805,99.24
2606002,99.24
3551702,99.25
2606903,99.25
3306156,99.25
1702158,99.25
2903235,99.25
2907103,99.25
2902104,99.25
2313906,99.25
3542008,99.25
2202604,99.25
3523701,99.26
4216057,99.26
3556602,99.26
4111555,99.26
2204907,99.26
3171154,99.26
3162658,99.26
4202800,99.26
4204350,99.26
3134608,99.27
1200054,99.27
5213087,99.27
3519006,99.27
2800407,99.27
3521150,99.27
2104701,99.27
4311122,99.27
3501152,99.27
4314423,99.27
3167004,99.28
2105989,99.28
3159100,99.28
2903607,99.28
3167806,99.28
2209302,99.28
2611533,99.28
2111763,99.28
2706307,99.28
2901155,99.28
2205508,99.29
3534203,99.29
5213772,99.29
3103801,99.29
2305332,99.29
4116000,99.29
2208106,99.29
3554102,99.29
1715507,99.29
3123809,99.29
2615607,99.3
4306700,99.3
5220207,99.3
2101202,99.3
1703008,99.3
3544905,99.3
5105622,99.3
3508801,99.3
3547007,99.3
3121803,99.3
4322376,99.31
3510906,99.31
2202109,99.31
3526308,99.31
4301909,99.31
2929255,99.31
3166006,99.31
4309951,99.31
3532702,99.31
3158904,99.31
3504909,99.32
5000203,99.32
2500304,99.32
3547601,99.32
3506201,99.32
1301506,99.32
2205201,99.32
2106409,99.32
2300200,99.32
2933158,99.32
2202026,99.32
3158706,99.33
1721109,99.33
4120804,99.33
3102852,99.33
3544004,99.33
3137908,99.33
2210953,99.33
2313708,99.33
3125903,99.33
3129004,99.33
3121605,99.34
5203609,99.34
5212600,99.34
4322400,99.34
5212006,99.34
5204656,99.34
5104500,99.34
3148608,99.34
2306306,99.34
3515202,99.34
3518602,99.34
2207553,99.35
3516507,99.35
3135407,99.35
2304509,99.35
3131208,99.35
2210409,99.35
2211605,99.35
3138500,99.35
3546256,99.35
3543105,99.35
2112407,99.35
2207108,99.36
2307304,99.36
4128807,99.36
3164100,99.36
2304806,99.36
2918357,99.36
1503606,99.36
2303931,99.36
3534500,99.36
1711803,99.36
3518008,99.36
2209005,99.37
3108602,99.37
3171030,99.37
4314548,99.37
3153202,99.37
3529807,99.37
3109006,99.37
1400472,99.37
1200351,99.37
2113009,99.37
5200829,99.37
3554904,99.37
4306924,99.38
2906808,99.38
4127882,99.38
3101631,99.38
3104452,99.38
3121704,99.38
3200201,99.38
4305835,99.38
3152402,99.38
2504009,99.38
3540200,99.38
2202000,99.39
4313086,99.39
1100114,99.39
2112209,99.39
4301602,99.39
5200050,99.39
2301406,99.39
4205175,99.39
2910800,99.39
3135704,99.39
1711951,99.39
3164902,99.39
2205276,99.4
2300754,99.4
3126752,99.4
4105805,99.4
4308409,99.4
1400456,99.4
2306702,99.4
3525904,99.4
4322343,99.4
1400407,99.4
2201002,99.4
4118907,99.41
3507159,99.41
3150901,99.41
3132206,99.41
2313757,99.41
3128808,99.41
3153806,99.41
3555505,99.41
2210102,99.41
3139706,99.41
3528205,99.41
2702009,99.41
3166303,99.42
4216305,99.42
2202406,99.42
3168606,99.42
4312674,99.42
3517000,99.42
4210852,99.42
2203206,99.42
3160207,99.42
2404309,99.42
1101203,99.42
2309300,99.42
4208906,99.43
3551504,99.43
4314506,99.43
2200301,99.43
2205151,99.43
3164506,99.43
3142700,99.43
4300570,99.43
1100601,99.43
3165909,99.43
2207777,99.43
3500105,99.43
2204550,99.43
3512902,99.44
3511201,99.44
5202155,99.44
2604106,99.44
4213351,99.44
2501005,99.44
2602209,99.44
4311734,99.44
3141108,99.44
3151909,99.44
5103957,99.44
4215505,99.44
2204600,99.45
2701407,99.45
4125902,99.45
2201507,99.45
4207858,99.45
3116803,99.45
2105351,99.45
3130655,99.45
1101435,99.45
2306108,99.45
2918506,99.45
3504404,99.45
3203700,99.45
1200328,99.46
4215687,99.46
5108352,99.46
5106232,99.46
3162401,99.46
3113305,99.46
5203939,99.46
2209708,99.46
2104008,99.46
2914604,99.46
3169059,99.46
2111953,99.46
2100105,99.46
4208807,99.47
4305587,99.47
2930501,99.47
3501509,99.47
2907608,99.47
2205805,99.47
2304657,99.47
3543238,99.47
3136405,99.47
2801207,99.47
4304408,99.47
4214300,99.47
3201407,99.47
4306379,99.48
4205431,99.48
2210375,99.48
2612455,99.48
3120607,99.48
2516409,99.48
2306553,99.48
3152600,99.48
2412500,99.48
2907202,99.48
3503356,99.48
3527801,99.48
3514403,99.48
2105807,99.49
4321626,99.49
2100477,99.49
2604908,99.49
3501103,99.49
3500204,99.49
3157252,99.49
2509404,99.49
3557105,99.49
2206357,99.49
4124202,99.49
3163508,99.49
4208955,99.49
2509008,99.49
2917334,99.5
2919108,99.5
3138609,99.5
1400704,99.5
2305266,99.5
3163409,99.5
2708808,99.5
2202554,99.5
3521101,99.5
5103809,99.5
2707206,99.5
2905909,99.5
3159308,99.5
4304663,99.51
3203205,99.51
3165701,99.51
3200102,99.51
2209559,99.51
3168408,99.51
3110509,99.51
2603009,99.51
2613909,99.51
3542909,99.51
4100608,99.51
3116506,99.51
3550803,99.51
2201572,99.51
1713957,99.52
2307908,99.52
3112703,99.52
2805109,99.52
2301851,99.52
3553203,99.52
3531209,99.52
1702208,99.52
3127701,99.52
2514552,99.52
3533304,99.52
1501576,99.52
2210623,99.52
2309102,99.52
3131901,99.53
5206800,99.53
3145802,99.53
3531506,99.53
2300804,99.53
3511300,99.53
4322152,99.53
5215207,99.53
2922102,99.53
3503000,99.53
2804409,99.53
2804904,99.53
3201902,99.53
2111631,99.53
3115409,99.53
2313500,99.54
3511706,99.54
3161809,99.54
5209291,99.54
2103604,99.54
2307601,99.54
3117207,99.54
4214706,99.54
2301950,99.54
2206902,99.54
2309003,99.54
3541406,99.54
3161007,99.54
3535705,99.54
2207959,99.55
3103405,99.55
4115002,99.55
2613503,99.55
2110856,99.55
2200608,99.55
2304004,99.55
3127602,99.55
2310258,99.55
3526001,99.55
2925600,99.55
4202701,99.55
3135605,99.55
4302709,99.55
2516904,99.55
4314209,99.56
3162252,99.56
2506707,99.56
2509800,99.56
1200336,99.56
2201988,99.56
3161502,99.56
3150604,99.56
3509106,99.56
2903904,99.56
3160603,99.56
4318507,99.56
3117603,99.56
3501400,99.56
3553104,99.56
3165552,99.56
2108900,99.57
2606101,99.57
2200905,99.57
3139300,99.57
3142106,99.57
2901304,99.57
2201051,99.57
3532108,99.57
2304608,99.57
2608909,99.57
4304614,99.57
2110302,99.57
5203807,99.57
2600203,99.57
5218706,99.57
3169000,99.58
2211506,99.58
2503506,99.58
2612802,99.58
3147105,99.58
3164472,99.58
3507753,99.58
2608107,99.58
2201705,99.58
2704104,99.58
3116001,99.58
3153509,99.58
4118402,99.58
3525805,99.58
2504405,99.58
4313656,99.58
4205159,99.59
3510104,99.59
2802106,99.59
2505105,99.59
2210391,99.59
3555802,99.59
2202133,99.59
3100500,99.59
4321352,99.59
4323770,99.59
2516706,99.59
4315354,99.59
2100303,99.59
2608305,99.59
2921807,99.59
2311801,99.59
3113107,99.59
2211357,99.6
2101509,99.6
3528007,99.6
3146107,99.6
2701100,99.6
4202073,99.6
4111308,99.6
2112100,99.6
3171600,99.6
3133600,99.6
3162450,99.6
4312427,99.6
2206050,99.6
3525508,99.6
3525854,99.6
3556800,99.6
3162807,99.6
3508405,99.61
4315602,99.61
2614402,99.61
1707702,99.61
1400233,99.61
1716208,99.61
1507508,99.61
2508000,99.61
2922656,99.61
3134103,99.61
3524808,99.61
3123205,99.61
2105948,99.61
2203271,99.61
2112506,99.61
3532801,99.61
3547403,99.61
3133709,99.62
1200427,99.62
2800100,99.62
3123304,99.62
3546603,99.62
2205409,99.62
3143609,99.62
4321105,99.62
1100346,99.62
2511400,99.62
3539509,99.62
2501609,99.62
2306009,99.62
4215653,99.62
2301802,99.62
2211308,99.62
1506609,99.62
2108603,99.63
3112901,99.63
2202729,99.63
4302402,99.63
5213855,99.63
5221577,99.63
3169505,99.63
1101005,99.63
2705903,99.63
3125101,99.63
2304251,99.63
3117405,99.63
2205516,99.63
3167103,99.63
1701051,99.63
2920452,99.63
3162708,99.63
2103208,99.63
1508308,99.64
2210805,99.64
2109759,99.64
3145851,99.64
4215901,99.64
3150539,99.64
2609709,99.64
3158508,99.64
2204154,99.64
1507607,99.64
3201159,99.64
4301875,99.64
2703700,99.64
3534104,99.64
4308003,99.64
2917409,99.64
2503555,99.64
3139201,99.64
2506400,99.65
2513307,99.65
3502754,99.65
3147709,99.65
3139508,99.65
3120508,99.65
2103752,99.65
3504800,99.65
2203453,99.65
2111532,99.65
3120003,99.65
4310363,99.65
2504157,99.65
2311504,99.65
4202503,99.65
3128006,99.65
2514503,99.65
2209351,99.65
2919405,99.65
4321709,99.66
3171808,99.66
3159357,99.66
4106902,99.66
2202802,99.66
3540309,99.66
4217105,99.66
2509701,99.66
2506905,99.66
3521606,99.66
3507704,99.66
2111409,99.66
2704005,99.66
3142908,99.66
2512507,99.66
3127206,99.66
2307700,99.66
2106003,99.66
2607703,99.66
2402709,99.67
4200606,99.67
2514404,99.67
2201739,99.67
2505709,99.67
4316972,99.67
3510401,99.67
3135100,99.67
3534302,99.67
5205703,99.67
3140605,99.67
5212055,99.67
3124302,99.67
2313807,99.67
2500809,99.67
3105707,99.67
3113503,99.67
4315750,99.67
2209104,99.67
2914505,99.67
2207306,99.68
2917706,99.68
3151305,99.68
2807303,99.68
3528858,99.68
3136702,99.68
3544400,99.68
2905206,99.68
3519303,99.68
1717909,99.68
3505104,99.68
3158805,99.68
3127404,99.68
1300904,99.68
5207535,99.68
3550100,99.68
1503804,99.68
3139904,99.68
2112233,99.68
3170008,99.68
3154309,99.69
1712454,99.69
2201408,99.69
3169208,99.69
1501709,99.69
2201804,99.69
2805703,99.69
2600104,99.69
2906006,99.69
2924504,99.69
3546108,99.69
3545159,99.69
3127305,99.69
4314175,99.69
3538600,99.69
2108306,99.69
2109270,99.69
4107520,99.69
3121100,99.69
3147303,99.69
2102754,99.69
2107605,99.7
5219605,99.7
2209757,99.7
2606606,99.7
4309050,99.7
2919801,99.7
3136801,99.7
3152204,99.7
4317251,99.7
2505402,99.7
3152105,99.7
2709152,99.7
2203107,99.7
2502409,99.7
2403202,99.7
3202900,99.7
2206654,99.7
3532843,99.7
3150570,99.7
2307650,99.7
2506608,99.7
5213509,99.71
2930758,99.71
3119906,99.71
2310100,99.71
3536901,99.71
2513505,99.71
2603108,99.71
4127304,99.71
2412302,99.71
2904852,99.71
2102077,99.71
3517307,99.71
4309308,99.71
4126702,99.71
3172004,99.71
3503406,99.71
3531001,99.71
3509304,99.71
2102358,99.71
2512804,99.71
3554409,99.71
3108909,99.71
1713809,99.72
2401651,99.72
2615904,99.72
2507606,99.72
2706406,99.72
4206306,99.72
2200400,99.72
2111052,99.72
3549805,99.72
4314803,99.72
2301109,99.72
1503754,99.72
2107001,99.72
4202404,99.72
2908408,99.72
3520442,99.72
2907558,99.72
3132404,99.72
2511103,99.72
2902609,99.72
5106703,99.72
5105002,99.72
2205524,99.72
3140001,99.73
2804300,99.73
2500106,99.73
2101905,99.73
3538105,99.73
3163607,99.73
3527504,99.73
2922052,99.73
1200435,99.73
2408003,99.73
2614303,99.73
5107297,99.73
4311502,99.73
4125357,99.73
2210052,99.73
4311643,99.73
5200555,99.73
3118007,99.73
2206407,99.73
2603207,99.73
3148756,99.73
2914406,99.73
2108702,99.73
2209153,99.74
2909109,99.74
2202075,99.74
3154507,99.74
3525607,99.74
1501956,99.74
3142403,99.74
4311627,99.74
3203809,99.74
3530904,99.74
2203420,99.74
4218202,99.74
3141702,99.74
2408805,99.74
2202752,99.74
2100154,99.74
2610806,99.74
3170057,99.74
2701209,99.74
1503507,99.74
3168002,99.74
2923605,99.74
3527405,99.74
2200202,99.74
4116505,99.74
3118106,99.75
2112456,99.75
2933406,99.75
3546702,99.75
4206504,99.75
2501104,99.75
4319356,99.75
4213203,99.75
2205250,99.75
3530409,99.75
2310001,99.75
3544509,99.75
3157401,99.75
2705002,99.75
3115607,99.75
5214879,99.75
2100402,99.75
2210003,99.75
3126406,99.75
2205573,99.75
3107208,99.75
3131000,99.75
3502606,99.75
3137205,99.75
2414159,99.75
2801603,99.76
2504801,99.76
2105203,99.76
3159506,99.76
3155801,99.76
3500808,99.76
3201803,99.76
2500908,99.76
2302206,99.76
3556107,99.76
2207355,99.76
3123528,99.76
3133204,99.76
3157302,99.76
2917003,99.76
2308377,99.76
3109907,99.76
2412559,99.76
2202083,99.76
4321436,99.76
4314753,99.76
4126207,99.76
1712009,99.76
3148400,99.76
3528908,99.76
3165503,99.76
2516508,99.76
4117107,99.77
3549250,99.77
2933604,99.77
2507002,99.77
2913804,99.77
4212254,99.77
3526803,99.77
2924108,99.77
4217402,99.77
2614105,99.77
2304905,99.77
4217006,99.77
2102150,99.77
2918407,99.77
3542800,99.77
2311009,99.77
3553906,99.77
1717800,99.77
3150406,99.77
4302105,99.77
2201945,99.77
2206506,99.77
1101708,99.77
3126950,99.77
2902658,99.77
4306403,99.77
3536570,99.77
4117206,99.78
2211704,99.78
2402600,99.78
3515301,99.78
2109551,99.78
3537701,99.78
3304102,99.78
3108800,99.78
3160702,99.78
3200904,99.78
3536208,99.78
2705507,99.78
3141603,99.78
4127106,99.78
2203404,99.78
2508505,99.78
3533254,99.78
1502202,99.78
4207502,99.78
1719004,99.78
4321469,99.78
2308005,99.78
3138401,99.78
3514601,99.78
3139805,99.78
2206753,99.78
4313508,99.78
3171402,99.78
2202059,99.78
3136652,99.79
1505601,99.79
2708006,99.79
2105609,99.79
2907400,99.79
3556958,99.79
5205521,99.79
2903276,99.79
3141009,99.79
2509396,99.79
1714302,99.79
5004403,99.79
3105905,99.79
3511904,99.79
2101806,99.79
3116100,99.79
3112109,99.79
4319901,99.79
2509206,99.79
3509254,99.79
3136553,99.79
2504207,99.79
3144656,99.79
1705607,99.79
3204807,99.79
2209906,99.79
3108503,99.79
2111789,99.79
2202778,99.79
2206951,99.79
1506559,99.8
2409407,99.8
3108255,99.8
3161650,99.8
2516003,99.8
3122603,99.8
2106805,99.8
3106507,99.8
2112803,99.8
3507456,99.8
2613008,99.8
2803906,99.8
1702703,99.8
3163102,99.8
3548302,99.8
2300150,99.8
3124104,99.8
2914109,99.8
2910859,99.8
2303402,99.8
2506004,99.8
2300507,99.8
2111508,99.8
3521200,99.8
4114708,99.8
2105401,99.8
2511301,99.8
1718550,99.8
2601805,99.8
4215604,99.8
2602506,99.81
3138302,99.81
2207934,99.81
3542107,99.81
2402907,99.81
1701002,99.81
3500501,99.81
2806800,99.81
3155702,99.81
3507308,99.81
1507201,99.81
2921203,99.81
3101003,99.81
1721208,99.81
3137304,99.81
3165404,99.81
2616209,99.81
4124905,99.81
2511202,99.81
2401701,99.81
2614808,99.81
2911709,99.81
3112059,99.81
3127354,99.81
2926905,99.81
1200393,99.81
2204006,99.81
2507705,99.81
2201176,99.81
3548401,99.81
2502102,99.81
4302659,99.81
4321832,99.82
2202174,99.82
3158003,99.82
4218954,99.82
2202711,99.82
2926400,99.82
3126505,99.82
3532058,99.82
2111706,99.82
2708600,99.82
2406007,99.82
2516805,99.82
3127073,99.82
3170503,99.82
2614006,99.82
3156452,99.82
3160900,99.82
2903805,99.82
3201506,99.82
2101004,99.82
3133105,99.82
3151008,99.82
2909901,99.82
3165560,99.82
2807204,99.82
2112704,99.82
2917508,99.82
3169703,99.82
3204906,99.82
2404507,99.82
3118908,99.82
5201405,99.82
2309805,99.82
2209872,99.82
5215009,99.83
2601904,99.83
2502300,99.83
2708956,99.83
3171907,99.83
3111150,99.83
2512705,99.83
2924009,99.83
2205557,99.83
3106408,99.83
2604155,99.83
2312601,99.83
1101401,99.83
2912004,99.83
2806305,99.83
1100254,99.83
2209500,99.83
2907301,99.83
2929305,99.83
2312403,99.83
2602407,99.83
2104503,99.83
2605152,99.83
1506906,99.83
3102050,99.83
2606309,99.83
2905008,99.83
3520608,99.83
1502400,99.83
2110500,99.83
2107407,99.83
4308102,99.83
4312443,99.83
5204953,99.83
3153707,99.83
2104552,99.84
2206696,99.84
2931509,99.84
3100401,99.84
2210607,99.84
3512704,99.84
2406502,99.84
2109809,99.84
2206670,99.84
2206803,99.84
2411502,99.84
3105301,99.84
2514206,99.84
4320859,99.84
1302405,99.84
3145505,99.84
2930204,99.84
3522158,99.84
3502507,99.84
3547106,99.84
4203709,99.84
3549201,99.84
3117836,99.84
2205581,99.84
3536505,99.84
3145455,99.84
3171071,99.84
4126801,99.84
3108107,99.84
1600709,99.84
1712801,99.84
3527702,99.84
1715259,99.84
2101301,99.84
4321501,99.84
3123858,99.84
3503604,99.85
2400901,99.85
3110103,99.85
3141405,99.85
2502607,99.85
3300506,99.85
2611101,99.85
2609303,99.85
2900504,99.85
2308906,99.85
2900306,99.85
3160959,99.85
3123106,99.85
2509503,99.85
1720002,99.85
1714880,99.85
2110237,99.85
4319505,99.85
2506103,99.85
3110004,99.85
3205176,99.85
3155306,99.85
2108207,99.85
3118502,99.85
2512077,99.85
3535903,99.85
3144409,99.85
2203859,99.85
2400505,99.85
2402303,99.85
2706000,99.85
2201606,99.85
2307809,99.85
5200209,99.85
1501303,99.85
3548609,99.85
2205300,99.85
3136108,99.85
1501006,99.85
2613305,99.86
2103406,99.86
2510402,99.86
2303956,99.86
3156502,99.86
2102507,99.86
3545605,99.86
2505907,99.86
3135803,99.86
2600302,99.86
3143450,99.86
2919504,99.86
3163201,99.86
2312502,99.86
3201001,99.86
5220405,99.86
2308807,99.86
2900405,99.86
1720259,99.86
3513405,99.86
2306801,99.86
2904753,99.86
2108256,99.86
2503308,99.86
2612109,99.86
3122207,99.86
4119152,99.86
2114007,99.86
2608602,99.86
3149952,99.86
2210300,99.86
2930006,99.86
3150158,99.86
2904209,99.86
3503505,99.86
3139250,99.86
3106309,99.86
2209955,99.86
3162906,99.86
3200607,99.86
2706703,99.87
2201960,99.87
2206704,99.87
3142205,99.87
2405009,99.87
5216908,99.87
2104677,99.87
2506806,99.87
3104700,99.87
4218004,99.87
2903508,99.87
2607505,99.87
3124906,99.87
2414605,99.87
5214705,99.87
3203163,99.87
3121902,99.87
4310801,99.87
2904050,99.87
2906824,99.87
2106508,99.87
3204351,99.87
1716307,99.87
2208874,99.87
1508100,99.87
4322251,99.87
2207751,99.87
2703403,99.87
2103158,99.87
2612703,99.87
3505807,99.87
2902203,99.87
2206100,99.87
3129905,99.87
2110401,99.87
2210938,99.87
3543600,99.87
3550902,99.87
1716703,99.87
2925006,99.87
1705557,99.87
4207205,99.87
3301009,99.88
3142502,99.88
2202737,99.88
3157609,99.88
2112605,99.88
2703205,99.88
3533700,99.88
2501906,99.88
4322541,99.88
3133006,99.88
3170578,99.88
3304151,99.88
2307254,99.88
2511608,99.88
3505609,99.88
2408607,99.88
2210979,99.88
3160108,99.88
3527207,99.88
2910404,99.88
2924306,99.88
2303501,99.88
3127503,99.88
3143708,99.88
2412005,99.88
2515401,99.88
2203305,99.88
4321667,99.88
2904100,99.88
2407104,99.88
3204500,99.88
2206001,99.88
2206720,99.88
2706604,99.88
3529104,99.88
2300705,99.88
2209658,99.88
2503704,99.88
3135357,99.88
5101605,99.88
3157377,99.88
2414753,99.88
1600303,99.88
2500775,99.88
3130200,99.88
2505006,99.89
4212304,99.89
4309209,99.89
4306767,99.89
2208858,99.89
3127339,99.89
3168051,99.89
3128253,99.89
4215455,99.89
2504306,99.89
3126604,99.89
3132701,99.89
3135076,99.89
3547205,99.89
1718808,99.89
4201307,99.89
2701308,99.89
3522653,99.89
2803807,99.89
3147956,99.89
3501707,99.89
3149606,99.89
3157203,99.89
2903003,99.89
2413300,99.89
2501500,99.89
2509339,99.89
2406700,99.89
2205854,99.89
3103900,99.89
2502052,99.89
3151107,99.89
5103437,99.89
3545704,99.89
2205540,99.89
2103174,99.89
3539400,99.89
2908903,99.89
2925758,99.89
3149150,99.89
1505908,99.89
2505352,99.89
3508603,99.89
2209401,99.89
3543709,99.89
3138682,99.89
2923357,99.89
2707107,99.89
4210209,99.9
2701803,99.9
3549607,99.9
2517209,99.9
2931053,99.9
2933307,99.9
1506104,99.9
2111722,99.9
2513802,99.9
3119500,99.9
2202539,99.9
4311791,99.9
3157500,99.9
3126901,99.9
1718501,99.9
2928802,99.9
2701001,99.9
2919306,99.9
2930303,99.9
3135456,99.9
2509602,99.9
2802809,99.9
2923407,99.9
2608701,99.9
2411403,99.9
4309555,99.9
2512408,99.9
1303502,99.9
1703883,99.9
3129657,99.9
4108908,99.9
3132305,99.9
4300851,99.9
4305355,99.9
2702504,99.9
2108454,99.9
2402105,99.9
3165537,99.9
2920106,99.9
4207106,99.9
1502103,99.9
2923308,99.9
2612471,99.9
2612604,99.9
5105309,99.9
2503407,99.9
2512036,99.9
5003108,99.9
2412609,99.9
3129301,99.9
2204808,99.9
2501534,99.91
2309904,99.91
2103554,99.91
4312385,99.91
2100436,99.91
3102407,99.91
2407302,99.91
2912509,99.91
4304671,99.91
2414803,99.91
2108405,99.91
2900702,99.91
3149705,99.91
2516102,99.91
2911303,99.91
2603926,99.91
2901700,99.91
2311231,99.91
2701902,99.91
4301057,99.91
2917201,99.91
3102704,99.91
2309607,99.91
2501203,99.91
3131158,99.91
2312809,99.91
2500403,99.91
3119203,99.91
3144201,99.91
2209609,99.91
2408409,99.91
4310108,99.91
2201929,99.91
2932606,99.91
3139607,99.91
3112505,99.91
3164431,99.91
3514007,99.91
2707503,99.91
2607109,99.91
3106804,99.91
3164001,99.91
2205904,99.91
3141207,99.91
3527009,99.91
2513604,99.91
4318432,99.91
2806503,99.91
2516300,99.91
3507100,99.91
3205036,99.91
4210605,99.91
3130101,99.91
2107456,99.91
2102705,99.91
3124609,99.92
3205069,99.92
3128402,99.92
2106672,99.92
2302057,99.92
3162609,99.92
2925105,99.92
3140530,99.92
2932457,99.92
2612000,99.92
3120151,99.92
2507408,99.92
2510006,99.92
2703809,99.92
3546504,99.92
3547650,99.92
1504307,99.92
2905503,99.92
2211407,99.92
4315149,99.92
2500205,99.92
2906600,99.92
2702405,99.92
2105906,99.92
2512747,99.92
2610905,99.92
4318481,99.92
3142007,99.92
2912608,99.92
3149002,99.92
3161908,99.92
4214904,99.92
2111672,99.92
2514453,99.92
2924405,99.92
2410207,99.92
2106904,99.92
1505064,99.92
1720937,99.92
2505600,99.92
3537107,99.92
4218350,99.92
2913408,99.92
2911600,99.92
3544707,99.92
2703304,99.92
3147501,99.92
1507409,99.92
2205565,99.92
2515005,99.92
3142254,99.92
2414506,99.92
2612208,99.92
3504701,99.92
1600535,99.92
2930907,99.92
1715150,99.92
3515608,99.92
3166402,99.92
3204609,99.92
3556909,99.93
2806404,99.93
4215109,99.93
2514305,99.93
2508703,99.93
3120300,99.93
2930105,99.93
2304954,99.93
2926004,99.93
4120200,99.93
2111003,99.93
2923209,99.93
3146552,99.93
3204401,99.93
3203346,99.93
3144706,99.93
3540408,99.93
2208502,99.93
3305133,99.93
4217253,99.93
3171501,99.93
1712157,99.93
3203908,99.93
2900108,99.93
2922706,99.93
3532306,99.93
2504355,99.93
4319752,99.93
3103207,99.93
3535408,99.93
4307609,99.93
3146255,99.93
2400208,99.93
2615805,99.93
4209409,99.93
1400605,99.93
2704609,99.93
2931301,99.93
3125507,99.93
3202702,99.93
4321204,99.93
1702901,99.93
2106631,99.93
1301407,99.93
3138005,99.93
3164803,99.93
2411908,99.93
2925501,99.93
3121308,99.93
3166501,99.93
3122454,99.93
3531605,99.93
2405108,99.93
2208650,99.93
2500502,99.93
2410900,99.93
2708501,99.93
3120102,99.93
2204204,99.93
3152170,99.93
2100907,99.93
2615003,99.93
3550308,99.93
2202117,99.93
2502805,99.93
2922904,99.93
2616183,99.94
1301803,99.94
3148707,99.94
2911402,99.94
2806701,99.94
3113800,99.94
3134004,99.94
3144359,99.94
2607000,99.94
1600279,99.94
1702554,99.94
2301000,99.94
2928604,99.94
5218789,99.94
3136009,99.94
3201704,99.94
2306256,99.94
3157278,99.94
3155009,99.94
2205458,99.94
2600807,99.94
2701704,99.94
3115359,99.94
3148202,99.94
3514502,99.94
2206308,99.94
2209971,99.94
2605806,99.94
2509909,99.94
2405306,99.94
2902807,99.94
2933109,99.94
2513984,99.94
2511509,99.94
3527306,99.94
2207793,99.94
2413102,99.94
3106705,99.94
3167905,99.94
3161403,99.94
2502201,99.94
2601201,99.94
3301504,99.94
3503703,99.94
3551801,99.94
5108402,99.94
3106101,99.94
3555901,99.94
1720200,99.94
3132008,99.94
2409332,99.94
1500206,99.94
2101939,99.94
2410306,99.94
2409902,99.94
1720150,99.94
4304697,99.94
2504504,99.94
2507804,99.94
2513356,99.94
2310209,99.94
2910776,99.94
3103306,99.94
2513158,99.94
2514909,99.94
2611705,99.94
3166105,99.94
3169901,99.94
3103603,99.94
4216602,99.94
2409506,99.94
2804102,99.94
3300605,99.95
1600253,99.95
3120870,99.95
2203750,99.95
2700805,99.95
3122801,99.95
3505401,99.95
2515708,99.95
3122504,99.95
2406908,99.95
4304689,99.95
3167707,99.95
3107703,99.95
1503200,99.95
2304459,99.95
3504305,99.95
3160504,99.95
1303700,99.95
3524600,99.95
1720804,99.95
2909802,99.95
3122108,99.95
2401305,99.95
2207702,99.95
3161601,99.95
2104909,99.95
2513000,99.95
2921401,99.95
2933000,99.95
2411205,99.95
2510907,99.95
2708105,99.95
3122702,99.95
2705804,99.95
3157658,99.95
3540853,99.95
3556206,99.95
2102606,99.95
2515906,99.95
3131703,99.95
2509156,99.95
2705606,99.95
2410801,99.95
3136520,99.95
3140308,99.95
2205359,99.95
3205002,99.95
2502508,99.95
2923704,99.95
3115474,99.95
2502003,99.95
3136603,99.95
1500503,99.95
2414407,99.95
2615706,99.95
2705309,99.95
1303957,99.95
2702108,99.95
2601052,99.95
2510204,99.95
3136579,99.95
2400604,99.95
2513901,99.95
3541109,99.95
3203304,99.95
3529658,99.95
2907509,99.95
2203255,99.95
2503803,99.95
3113008,99.95
2609154,99.95
2105658,99.95
2505303,99.95
2501153,99.95
2202851,99.95
2513208,99.95
3150208,99.95
1301209,99.95
1600154,99.95
3145208,99.95
2412906,99.95
2924801,99.95
5001102,99.95
2406809,99.96
2404903,99.96
1300086,99.96
3163003,99.96
3304706,99.96
2407401,99.96
3133303,99.96
2508406,99.96
2904902,99.96
1505304,99.96
2209450,99.96
2700102,99.96
2908606,99.96
3145372,99.96
3152131,99.96
2108801,99.96
3301306,99.96
2402808,99.96
2917904,99.96
2703759,99.96
3200805,99.96
3204054,99.96
4201703,99.96
4207304,99.96
5107578,99.96
2510808,99.96
3166956,99.96
1302553,99.96
2513653,99.96
3115300,99.96
2503753,99.96
3146701,99.96
3535606,99.96
2913507,99.96
2510303,99.96
3508306,99.96
2904506,99.96
2513927,99.96
2306207,99.96
1505403,99.96
3160454,99.96
2412708,99.96
3300902,99.96
2931806,99.96
3204708,99.96
2112902,99.96
2702603,99.96
3126802,99.96
2107357,99.96
3125606,99.96
3514809,99.96
2405504,99.96
2501351,99.96
3145703,99.96
4314902,99.96
2514701,99.96
3153301,99.96
3552601,99.96
3101300,99.96
1101807,99.96
2906402,99.96
2906709,99.96
2510501,99.96
3117009,99.96
2413359,99.96
2931350,99.96
3146602,99.96
2510105,99.96
1302504,99.96
1710706,99.96
2506202,99.96
2912301,99.96
3126000,99.96
2405900,99.96
2705705,99.96
3145356,99.96
3159001,99.96
2603702,99.96
2100709,99.96
2410009,99.96
2501575,99.96
3204005,99.96
3556701,99.96
2601003,99.96
2508109,99.96
1505007,99.96
3503158,99.96
3303104,99.96
3302106,99.96
2505501,99.96
3555109,99.96
2511707,99.96
2516151,99.96
2100204,99.96
3170651,99.96
2105302,99.96
2513109,99.97
3138351,99.97
2925808,99.97
2508802,99.97
2308203,99.97
2109304,99.97
3534807,99.97
1703826,99.97
2609105,99.97
3536406,99.97
2504074,99.97
2709400,99.97
2915007,99.97
3101409,99.97
4318614,99.97
2404606,99.97
2403905,99.97
2612406,99.97
2923035,99.97
2933059,99.97
3115706,99.97
3202256,99.97
2407252,99.97
3105509,99.97
3147600,99.97
3554755,99.97
3513850,99.97
1700301,99.97
3166600,99.97
3520301,99.97
2908705,99.97
2511004,99.97
2927200,99.97
2414001,99.97
3203056,99.97
3156601,99.97
2701506,99.97
3162955,99.97
2516755,99.97
1301902,99.97
2409100,99.97
2901809,99.97
2914000,99.97
1718303,99.97
2401859,99.97
3204302,99.97
4205704,99.97
1500107,99.97
2702801,99.97
2929800,99.97
2506301,99.97
2410108,99.97
2401503,99.97
3138658,99.97
4313060,99.97
3153608,99.97
2702553,99.97
3535200,99.97
1508035,99.97
2602605,99.97
2603306,99.97
2111029,99.97
2501302,99.97
2910107,99.97
3106606,99.97
2203354,99.97
2413557,99.97
3144672,99.97
2505808,99.97
2514800,99.97
2505238,99.97
3115508,99.97
2907707,99.97
3102209,99.97
2410504,99.97
2608255,99.97
2107100,99.97
3107505,99.97
3121258,99.97
2928307,99.97
3526605,99.97
2103109,99.97
2914703,99.97
2932903,99.97
3104601,99.97
2918456,99.97
2517001,99.97
2103901,99.97
2410702,99.97
2410603,99.97
4320008,99.97
3142304,99.97
2512101,99.97
1303536,99.97
2608800,99.97
3541802,99.97
3553658,99.97
3109253,99.97
3156304,99.97
2614709,99.97
2924058,99.97
2305233,99.97
3158409,99.97
2405801,99.97
1500909,99.97
2509370,99.97
2900207,99.97
3158953,99.97
3533106,99.97
2925931,99.97
1300102,99.97
1507474,99.97
2513968,99.97
2926707,99.97
2413607,99.98
2902054,99.98
5221452,99.98
1101559,99.98
1300300,99.98
2906857,99.98
2507309,99.98
2414100,99.98
3105400,99.98
2407005,99.98
2407906,99.98
2404002,99.98
2510600,99.98
3146206,99.98
3203403,99.98
2514008,99.98
2922607,99.98
2406205,99.98
2910727,99.98
4303905,99.98
2407807,99.98
1501253,99.98
1501907,99.98
2405207,99.98
1703057,99.98
2100832,99.98
2106755,99.98
2309706,99.98
2401107,99.98
1703891,99.98
2513406,99.98
3110806,99.98
3302056,99.98
1707405,99.98
2404408,99.98
2210359,99.98
1600204,99.98
2915809,99.98
2202653,99.98
2414902,99.98
2919603,99.98
2921708,99.98
2929404,99.98
3120839,99.98
2406403,99.98
3521408,99.98
1303304,99.98
3552007,99.98
2108058,99.98
2310852,99.98
2508554,99.98
2413706,99.98
2514107,99.98
2502904,99.98
2903953,99.98
3530607,99.98
3149309,99.98
2512200,99.98
1600055,99.98
2925253,99.98
5210802,99.98
2106375,99.98
4204509,99.98
2901205,99.98
2500536,99.98
3101706,99.98
3155405,99.98
2501708,99.98
2303907,99.98
2701605,99.98
2915601,99.98
2403301,99.98
2514602,99.98
3200136,99.98
2926657,99.98
2400307,99.98
2510709,99.98
3200508,99.98
1720309,99.98
2902005,99.98
2506251,99.98
2600906,99.98
2100873,99.98
2914208,99.98
3115458,99.98
1600238,99.98
2514651,99.98
2601706,99.98
4305454,99.98
1304203,99.98
3140407,99.98
3301157,99.98
2102408,99.98
1600402,99.98
2402501,99.98
2409308,99.98
3123700,99.98
2917607,99.98
3131802,99.98
2305100,99.98
3112653,99.98
3125309,99.98
3167509,99.98
1304104,99.98
2901353,99.98
2512606,99.98
3201209,99.98
3533205,99.98
2512754,99.98
2927507,99.98
2610301,99.98
3163300,99.98
3158102,99.98
2925709,99.98
2906899,99.98
2305357,99.98
3103009,99.98
3300936,99.98
2400703,99.98
3131109,99.98
5107156,99.98
2504108,99.98
2411601,99.98
4315305,99.98
2931103,99.98
2926103,99.98
2201770,99.98
2913309,99.98
3541901,99.98
1600600,99.98
3101508,99.98
2700409,99.98
1506203,99.98
2511806,99.98
2515807,99.98
3539004,99.98
1505205,99.98
2913200,99.98
2922730,99.98
3549300,99.98
1300201,99.98
2913903,99.98
2608404,99.99
3160009,99.99
3146305,99.99
2413003,99.99
1600212,99.99
2706109,99.99
2908507,99.99
2403806,99.99
2705408,99.99
4313375,99.99
3140209,99.99
2606705,99.99
2502151,99.99
2106326,99.99
3155108,99.99
2507101,99.99
2906105,99.99
3203106,99.99
2102374,99.99
2928505,99.99
2930600,99.99
3145406,99.99
3149408,99.99
2706422,99.99
3514957,99.99
3542602,99.99
2413904,99.99
3204955,99.99
3202504,99.99
3203353,99.99
3204252,99.99
1300805,99.99
2500734,99.99
2708303,99.99
3106655,99.99
2512002,99.99
3145059,99.99
2101707,99.99
2924900,99.99
2605004,99.99
2611200,99.99
2103125,99.99
4116208,99.99
2411007,99.99
2508307,99.99
2930402,99.99
2505204,99.99
2517100,99.99
2603405,99.99
1600550,99.99
3155900,99.99
3304409,99.99
2513851,99.99
2922805,99.99
2903706,99.99
1600808,99.99
2606507,99.99
2924702,99.99
2411056,99.99
2908200,99.99
4310652,99.99
3132800,99.99
2409605,99.99
2411106,99.99
3201605,99.99
1505106,99.99
2502706,99.99
2515104,99.99
2916005,99.99
2413805,99.99
2503605,99.99
2923506,99.99
3158607,99.99
3172202,99.99
3535101,99.99
2107209,99.99
2805901,99.99
3136504,99.99
2914653,99.99
3154150,99.99
3205010,99.99
2503902,99.99
2703007,99.99
2410405,99.99
2926301,99.99
2400802,99.99
2104651,99.99
3154101,99.99
2406304,99.99
2512788,99.99
1301654,99.99
1304302,99.99
1718402,99.99
2916856,99.99
1502756,99.99
2901502,99.99
1501600,99.99
2412203,99.99
2507903,99.99
2109908,99.99
2916708,99.99
2405405,99.99
2103703,99.99
3117876,99.99
3160306,99.99
2911253,99.99
2709301,99.99
2920007,99.99
2513943,99.99
3128501,99.99
3127370,99.99
2202455,99.99
2910206,99.99
3127388,99.99
2900801,99.99
3104403,99.99
1703800,99.99
2404705,99.99
2515203,99.99
2105005,99.99
2101731,99.99
3132602,99.99
2921450,99.99
2110039,99.99
3163706,99.99
3300407,99.99
2602803,99.99
2914307,99.99
3141504,99.99
2109056,99.99
1503101,99.99
4305439,99.99
5212253,99.99
2407500,99.99
2508208,99.99
1502855,99.99
2510659,99.99
2916807,99.99
3505302,99.99
2918753,99.99
1304401,99.99
3548203,99.99
3162575,99.99
2104305,99.99
2920502,99.99
3135001,99.99
3143153,99.99
3542305,99.99
2600609,99.99
2709004,99.99
2915502,99.99
2925956,99.99
3109600,99.99
3144904,99.99
2414456,99.99
4215703,99.99
2102903,99.99
3520806,99.99
2504702,99.99
2407708,99.99
1301951,99.99
2109239,99.99
4304630,99.99
3144300,99.99
1504406,99.99
2910305,99.99
1507003,99.99
2616001,99.99
2911808,99.99
3122355,99.99
2605707,99.99
2906873,99.99
3113701,99.99
2100550,99.99
2803609,99.99
2404200,99.99
3140555,99.99
3511102,99.99
4203204,99.99
2515500,99.99
2604700,99.99
1705508,99.99
2407203,99.99
2601607,99.99
3149507,99.99
1503309,99.99
2109601,99.99
2517407,99.99
2926806,99.99
2407609,99.99
2515930,99.99
2603801,99.99
3106903,99.99
3200169,99.99
2608008,99.99
2922300,99.99
2108504,99.99
2409209,99.99
3554656,99.99
2918605,99.99
3514205,99.99
3549003,99.99
2413201,99.99
2411700,99.99
2512762,99.99
2922003,99.99
1507102,99.99
4205902,99.99
2925402,99.99
4314050,99.99
2924603,99.99
2919959,99.99
2408953,99.99
2918308,99.99
3156700,99.99
2409704,99.99
2504850,99.99
2403400,99.99
2408300,99.99
2403608,99.99
2500577,99.99
3140803,99.99
1304062,99.99
1506112,99.99
3538501,100
2615201,100
2907905,100
2929107,100
3520004,100
1506351,100
2920304,100
2405702,100
3125804,100
3202603,100
2400406,100
2503100,100
2800506,100
3300159,100
3301108,100
3304607,100
2109205,100
3202405,100
2101350,100
2608750,100
2702702,100
2806602,100
2930774,100
2929909,100
2412104,100
1301159,100
2506509,100
1600105,100
2904605,100
3551405,100
2414704,100
2616407,100
2929750,100
3144805,100
3100906,100
4109609,100
2931004,100
1303908,100
3305901,100
4318705,100
2106201,100
3201308,100
4118204,100
3105202,100
4314035,100
1303007,100
2917805,100
2413508,100
2404853,100
2909000,100
2931707,100
3202108,100
1301100,100
2105153,100
2408201,100
3134707,100
3167301,100
4206207,100
2110203,100
2405603,100
2409803,100
2918803,100
3171204,100
1504109,100
2515609,100
3150109,100
2900900,100
4101200,100
2101251,100
3103108,100
3119609,100
2406601,100
3137601,100
3146750,100
2704807,100
2929602,100
2922409,100
1711100,100
2401404,100
2904308,100
2905107,100
2101103,100
2401909,100
2921609,100
3129806,100
3202801,100
3205150,100
3148509,100
2916906,100
3125002,100
4220000,100
1503408,100
2408706,100
2411809,100
2616100,100
2929370,100
1301001,100
2604502,100
3157104,100
2208601,100
2403103,100
2904407,100
2802007,100
3303856,100
2610400,100
2921054,100
1303403,100
2406155,100
1300607,100
2101772,100
2110278,100
2402204,100
2932705,100
3162922,100
3515103,100
2921005,100
3150000,100
1302207,100
2611002,100
3115904,100
2928000,100
3161056,100
3203130,100
2801504,100
3509700,100
2101970,100
3106002,100
2911659,100
2402006,100
3300308,100
2920403,100
2906907,100
4321600,100
2901007,100
2913606,100
3140159,100
3157807,100
2414308,100
2605400,100
2906501,100
2924652,100
4109500,100
2707800,100
2806107,100
2404804,100
2902401,100
2903409,100
3122900,100
3304524,100
2412807,100
2105104,100
2406106,100
2603504,100
2904001,100
2400109,100
2112274,100
2403756,100
3119401,100
2408904,100
3168309,100
2401602,100
1507466,100
2403707,100
2921104,100
4212650,100
1600501,100
2923001,100
4201208,100
1300839,100
2901106,100
2612505,100
2908804,100
3204658,100
2804805,100
2919702,100
1304237,100
2918001,100
2204659,100
2509107,100
2905156,100
2915106,100
2914802,100
3526100,100
1304260,100
3205200,100
2914901,100
1504000,100
2109403,100
2403004,100
2704906,100
2927804,100
3138906,100
2600500,100
2927903,100
2404101,100
2504033,100
2607653,100
2908309,100
2920809,100
3154804,100
2613107,100
2508901,100
2919009,100
2929008,100
2412401,100
2610103,100
3116209,100
3156205,100
2609808,100
2415008,100
2515302,100
2928703,100
5203962,100
3147808,100
2411429,100
2515971,100
2410256,100
1502905,100
2414209,100
2905701,100
3509908,100
1300029,100
2902708,100
3205101,100
2401800,100
2916609,100
1503903,100
2512721,100
2913002,100
2413409,100
2911907,100
2931202,100
2408508,100
3127057,100
2932101,100
4301636,100
2918902,100
2920601,100
3154606,100
1302900,100
2608057,100
2403509,100
3306305,100
1303809,100
1300680,100
2509057,100
2916302,100
2933174,100
3118601,100
3301603,100
2402402,100
3524402,100
2915908,100
2511905,100
3166709,100
2607406,100
2912806,100
1502608,100
2304285,100
2913457,100
3136207,100
2904803,100
1507979,100
2505279,100
2504900,100
1300508,100
3172103,100
2706802,100
2918209,100
2915700,100
2929206,100
2910057,100
2918704,100
3200359,100
2509305,100
3170305,100
3204203,100
2600708,100
2706208,100
2501401,100
1300060,100
1507961,100
2802502,100
3131307,100
3503950,100
2902302,100
2919900,100
2919058,100
3200706,100
3546009,100
1503002,100
2928950,100
4300877,100
2706448,100
2921302,100
2802700,100
2900603,100
2707008,100
