data,rain_mm,etp_mm,bal_mm,spi1,spei1,spi3,spei3,spi6,spei6,spi12,spei12,tmax_med,tmin_med,dias_tmax34,dias_chuva10,veranico_max,soma_termica,srad_mj
1980-01,317,105.4,211.6,0.69,0.72,,,,,,,29,20,0,10,2,450,523
1980-02,103,112.8,-9.8,0,-0.04,,,,,,,30.4,19.7,0,2,3,436,566
1980-03,26,118.6,-92.6,-1.92,-1.48,-0.17,-0.13,,,,,31,18.5,0,1,13,458,604
1980-04,148,78.5,69.5,1.78,1.89,-0.25,-0.21,,,,,28.4,18.7,0,7,9,406,419
1980-05,65,72.1,-7.1,1.22,1.27,0.23,0.2,,,,,27.6,15.9,0,2,15,364,426
1980-06,21,55.8,-34.8,0.76,1.07,1.94,2.03,0.47,0.6,,,25.6,13.7,0,0,8,288,349
1980-07,1,68.9,-67.9,-1.12,-0.36,1.11,1.22,0.04,0.14,,,26.4,12.7,0,0,22,296,418
1980-08,13,82.7,-69.7,0.07,0.33,0.21,0.45,0.19,0.24,,,27.1,14.5,0,0,12,334,456
1980-09,9,87.3,-78.3,-1.04,-0.36,-0.87,-0.42,1.19,1.46,,,27.2,15.2,0,0,12,336,439
1980-10,35,112.3,-77.3,-1.55,-1.15,-1.91,-1.17,-0.94,-0.49,,,30.2,17.4,5,2,11,428,526
1980-11,126,106.9,19.1,-0.7,-0.68,-1.48,-1.1,-1.46,-1.03,,,28.3,18.7,0,6,4,406,528
1980-12,312,119.7,192.3,0.59,0.54,-0.41,-0.44,-0.62,-0.53,-0.1,-0.03,30.1,20.5,0,10,6,474,582
1981-01,161,113.2,47.9,-0.42,-0.44,-0.38,-0.29,-0.84,-0.66,-0.8,-0.62,29.4,19.9,0,7,7,454,553
1981-02,67,118.7,-51.7,-0.51,-0.57,-0.38,-0.36,-1.11,-0.94,-0.98,-0.76,30.4,19.1,0,3,5,413,601
1981-03,208,99.5,108.5,0.94,1.03,-0.23,-0.15,-0.61,-0.45,-0.21,0.07,29.8,19.8,0,7,4,459,489
1981-04,14,85,-71,-1.72,-1.06,-0.15,-0.05,-0.5,-0.33,-0.8,-0.53,27.9,16,0,0,11,358,476
1981-05,24,69.4,-45.4,-0.03,0.04,0.29,0.41,-0.26,-0.06,-0.95,-0.67,26.7,14.5,0,0,8,328,408
1981-06,43,56.3,-13.3,1.59,1.76,-0.33,-0.16,-0.36,-0.16,-0.84,-0.55,24.9,13.4,0,1,9,274,363
1981-07,0,66.9,-66.9,,-0.22,0.65,0.85,-0.02,0.16,-0.86,-0.55,25,10.7,0,0,31,244,423
1981-08,21,80.5,-59.5,0.45,0.76,1.03,1.31,0.51,0.71,-0.83,-0.54,26.5,11.9,0,1,12,285,467
1981-09,11,94.2,-83.2,-0.9,-0.51,-0.55,-0.28,-0.79,-0.41,-0.81,-0.53,28.1,14.2,0,0,27,334,489
1981-10,111,83.4,27.6,0.35,0.72,-0.1,0.38,0.11,0.71,-0.46,-0.11,25.3,17.5,0,3,4,352,423
1981-11,390,100.2,289.8,1.91,1.91,1.34,1.53,1.51,1.72,0.56,0.84,28.5,19.9,0,10,2,426,489
1981-12,177,113.7,63.3,-0.83,-0.81,0.76,0.93,0.55,0.78,0.08,0.29,28.7,19.5,1,8,3,436,559
1982-01,271,104.3,166.7,0.41,0.42,0.72,0.89,0.58,0.88,0.45,0.76,28.1,19.4,0,8,4,427,508
1982-02,48,118.4,-70.4,-0.86,-0.82,-0.64,-0.52,0.26,0.56,0.39,0.77,31,19.2,0,2,15,424,585
1982-03,281,86.1,194.9,1.53,1.7,0.62,0.79,0.92,1.18,0.66,1.05,28.9,20.4,0,12,2,453,422
1982-04,56,82.7,-26.7,0.02,0.11,0.6,0.79,0.87,1.08,0.83,1.19,27.2,16.5,0,2,13,355,455
1982-05,36,63.6,-27.6,0.43,0.71,1.31,1.52,0.13,0.47,0.86,1.21,25.4,14.3,0,0,10,304,379
1982-06,3,60.8,-57.8,-0.73,-0.36,-0.04,0.16,0.54,0.78,0.71,1.09,26.4,13.3,0,0,14,295,380
1982-07,12,69,-57,0.62,0.85,0.21,0.4,0.57,0.8,0.76,1.12,26.2,12.5,0,0,16,291,439
1982-08,10,81.1,-71.1,-0.11,0.27,-0.18,-0.01,1.21,1.46,0.73,1.09,26.7,14.8,0,0,16,334,451
1982-09,19,94.8,-75.8,-0.47,-0.29,-0.29,-0.16,-0.39,-0.1,0.75,1.09,26.9,14.8,0,0,11,326,498
1982-10,75,111.7,-36.7,-0.37,-0.4,-0.79,-0.57,-0.74,-0.36,0.6,0.88,29.1,18.2,1,3,11,423,525
1982-11,41,137,-96,-2.53,-1.99,-1.96,-1.57,-2.04,-1.61,-0.76,-0.52,32.3,19.8,7,1,11,482,629
1982-12,233,97.7,135.3,-0.18,-0.03,-1.29,-1.19,-1.33,-1.17,-0.44,-0.29,28.3,19.8,0,11,6,436,461
1983-01,379,101.8,277.1,1.03,1.12,-0.11,0,-0.35,-0.19,-0.09,0.12,29,20.5,0,17,2,457,489
1983-02,180,106.7,73.3,0.79,0.84,0.9,1.1,-0.08,0.09,0.42,0.72,30.4,20.6,0,7,4,434,517
1983-03,168,99.2,68.8,0.55,0.63,1.18,1.31,0.12,0.34,-0.03,0.29,29.4,20.1,0,7,8,458,498
1983-04,119,83.6,35.4,1.33,1.4,1.15,1.27,0.48,0.69,0.23,0.52,28.8,18.4,0,6,4,408,444
1983-05,41,70.6,-29.6,0.59,0.64,0.98,1.08,1.19,1.35,0.25,0.52,27.5,17.3,0,1,9,384,401
1983-06,24,62.8,-38.8,0.9,0.89,1.35,1.36,1.44,1.5,0.33,0.6,26.8,15.5,0,1,20,334,395
1983-07,19,70.2,-51.2,1.11,1.24,1.05,1,1.3,1.37,0.36,0.61,26.7,13,0,1,13,304,427
1983-08,1,87,-86,-1.28,-0.7,0.5,0.34,1.02,1.07,0.33,0.54,26.5,11.5,0,0,20,279,526
1983-09,77,70.1,6.9,0.99,1.41,0.81,1.13,1.44,1.71,0.54,0.81,25.5,16.6,0,3,7,332,361
1983-10,166,91.8,74.2,1.19,1.36,1.22,1.56,1.52,1.72,0.84,1.1,26.9,17.6,0,7,3,380,470
1983-11,190,103.5,86.5,0.13,0.14,0.84,1.13,0.88,1.16,1.36,1.59,29.1,19.6,0,5,2,430,511
1983-12,279,108.1,170.9,0.28,0.33,0.54,0.69,0.66,0.92,1.4,1.68,29.3,20,0,9,2,454,525
1984-01,123,146.7,-23.7,-0.79,-0.95,-0.42,-0.43,0,0.23,0.63,0.83,32.7,18.4,5,5,10,481,717
1984-02,41,137.2,-96.2,-1.02,-1.18,-0.98,-1.1,-0.31,-0.17,0.13,0.32,33.2,18.6,1,1,7,460,669
1984-03,171,109.7,61.3,0.58,0.55,-0.87,-1.03,-0.33,-0.29,0.13,0.3,30.7,20,0,4,6,476,541
1984-04,32,83.8,-51.8,-0.77,-0.55,-0.56,-0.66,-0.75,-0.78,-0.22,-0.05,28.2,18.1,0,1,23,394,439
1984-05,2,84.1,-82.1,-1.96,-1.94,-0.11,-0.21,-0.98,-1.09,-0.37,-0.25,29.6,15.7,0,0,13,394,481
1984-06,0,71,-71,,-1.69,-1.7,-1.45,-1.28,-1.39,-0.46,-0.36,28.5,13.7,0,0,30,332,422
1984-07,14,73.4,-59.4,0.77,0.64,-1.3,-1.69,-0.86,-1.07,-0.49,-0.4,27.3,13.1,0,0,12,316,425
1984-08,88,75.1,12.9,2.01,2.07,1.8,1.72,0.49,0.35,-0.13,-0.02,25.9,14.4,0,4,15,316,397
1984-09,77,93.6,-16.6,0.99,1.06,1.81,1.88,0.68,0.54,-0.13,-0.09,27.3,16,0,3,8,348,480
1984-10,102,120.8,-18.8,0.18,-0.07,1.46,1.4,1.03,0.77,-0.38,-0.47,29.2,17.7,0,3,11,417,601
1984-11,225,116.6,108.4,0.51,0.39,0.65,0.47,1.07,0.93,-0.24,-0.41,29.5,18.9,1,9,9,425,569
1984-12,442,106.2,335.8,1.6,1.65,1.21,1.14,1.61,1.55,0.39,0.12,29.4,19.9,0,18,0,454,512
1985-01,633,91.8,541.2,2.13,2.32,2.37,2.09,2.51,2.13,2.04,1.89,28.5,20.4,0,23,0,448,435
1985-02,155,121.9,33.1,0.56,0.45,2.6,2.38,2.44,2.07,2.43,2.05,32.3,20,1,5,8,452,583
1985-03,217,100.8,116.2,1.02,1.1,2.22,2.15,2.57,2.11,2.61,2.14,31,20.3,0,8,3,485,480
1985-04,43,97.7,-54.7,-0.37,-0.63,0.81,0.77,2.49,2.09,2.69,2.18,30.2,17.8,0,1,5,419,511
1985-05,31,72.2,-41.2,0.25,0.21,0.69,0.65,2.59,2.14,2.7,2.18,27.5,15,0,2,17,348,414
1985-06,0,66.3,-66.3,,-1.18,-0.49,-0.74,2.05,1.88,2.68,2.14,26.2,9.9,0,0,30,242,422
1985-07,0,70.3,-70.3,,-0.74,-0.51,-0.67,0.64,0.56,2.66,2.14,25.5,10.4,0,0,31,246,422
1985-08,27,90.6,-63.6,0.66,0.6,-0.09,-0.55,0.58,0.44,2.51,2.09,28,12.3,0,1,21,314,494
1985-09,35,95.6,-60.6,0.09,0.13,0.2,0.03,-0.39,-0.64,2.35,1.96,27.5,15.2,0,1,13,340,485
1985-10,113,120.6,-7.6,0.38,0.14,0.37,0.16,0.05,-0.14,2.31,1.97,30.3,18.5,2,5,9,445,560
1985-11,222,114,108,0.48,0.38,0.4,0.22,0.32,0.1,2.35,2.04,29.4,18.5,0,10,7,420,564
1985-12,290,115.4,174.6,0.39,0.37,0.49,0.38,0.44,0.34,1.75,1.74,29.4,18.6,0,13,3,434,551
1986-01,212,126.4,85.6,0,-0.17,0.22,0.25,0.26,0.26,0.48,0.36,30.4,19.9,2,8,7,469,625
1986-02,129,117,12,0.3,0.22,0.12,0.09,0.23,0.24,0.4,0.37,31.8,19.8,1,6,5,443,571
1986-03,59,128.8,-69.8,-1,-1.17,-0.44,-0.57,-0.09,-0.16,-0.24,-0.37,31.8,19.4,0,3,7,484,646
1986-04,29,99.5,-70.5,-0.89,-1.05,-0.83,-1.02,-0.27,-0.35,-0.3,-0.44,30,17.8,0,1,6,418,521
1986-05,42,78.1,-36.1,0.62,0.42,-1.02,-1.23,-0.38,-0.48,-0.23,-0.39,28.3,16.3,0,1,11,381,444
1986-06,17,64.7,-47.7,0.55,0.4,-0.18,-0.6,-0.52,-0.69,-0.16,-0.29,26.2,12.4,0,1,9,280,406
1986-07,33,69.8,-36.8,1.83,1.87,1.22,0.97,-0.41,-0.68,-0.03,-0.16,26,11.6,0,2,23,272,424
1986-08,86,83.5,2.5,1.98,1.96,2.35,2.22,0.12,-0.27,0.2,0.08,27.4,14.4,0,3,18,337,476
1986-09,9,99,-90,-1.04,-0.72,1.24,1.21,0.72,0.4,0.1,-0.02,27.5,14,0,0,12,322,518
1986-10,21,121,-100,-2.2,-1.55,-0.56,-0.63,0.08,-0.12,-0.26,-0.39,29.7,16.1,2,0,11,400,591
1986-11,128,128.9,-0.9,-0.67,-0.92,-1.63,-1.46,-0.54,-0.76,-0.65,-0.85,30.2,18,1,4,9,422,618
1986-12,294,115,179,0.42,0.41,-0.61,-0.77,-0.17,-0.34,-0.54,-0.78,30.3,20.2,3,13,3,472,540
1987-01,208,132.3,75.7,-0.03,-0.24,-0.22,-0.32,-0.4,-0.51,-0.65,-0.89,32.5,20.4,7,8,5,509,623
1987-02,42,120.3,-78.3,-1,-0.93,-0.36,-0.43,-1.16,-1.26,-1.05,-1.27,31.7,19.6,1,2,10,439,586
1987-03,208,109.2,98.8,0.94,0.94,-0.1,-0.2,-0.65,-0.75,-0.42,-0.58,30.2,19.3,0,9,4,457,550
1987-04,117,95.8,21.2,1.3,1.16,0.47,0.39,-0.02,-0.1,-0.05,-0.2,29.7,18.2,0,5,8,420,509
1987-05,79,74.4,4.6,1.52,1.51,1.53,1.42,0.49,0.47,0.1,-0.01,27.6,16.6,0,4,8,375,409
1987-06,23,57.3,-34.3,0.85,1.09,1.78,1.65,0.45,0.39,0.13,0.07,25.2,13.7,0,1,8,282,351
1987-07,9,74,-65,0.34,0.05,1.59,1.53,0.85,0.75,0.03,-0.05,27.1,12.5,0,0,20,304,453
1987-08,22,91.6,-69.6,0.48,0.34,0.78,0.56,1.63,1.46,-0.23,-0.38,28.1,13.4,1,1,13,333,511
1987-09,70,85.6,-15.6,0.87,1.08,0.87,0.84,1.82,1.75,0.02,-0.05,27,16.3,1,2,8,350,436
1987-10,69,121.5,-52.5,-0.51,-0.69,0.17,0.08,0.9,0.8,0.21,0.12,30.5,18.5,5,3,9,448,575
1987-11,181,112.2,68.8,0.03,-0.07,0.01,-0.08,0.14,0.04,0.41,0.35,29.8,18.9,2,8,8,430,545
1987-12,384,106,278,1.18,1.26,0.54,0.49,0.67,0.66,0.7,0.58,28.8,19.9,0,14,3,445,517
1988-01,253,137.3,115.7,0.29,0.05,0.64,0.67,0.58,0.61,0.87,0.78,31.1,19.9,3,10,17,481,674
1988-02,212,100.8,111.2,1.05,1.16,1.15,1.17,0.89,0.95,1.47,1.37,30.2,20.2,0,5,4,440,490
1988-03,117,118,-1,-0.05,-0.22,0.54,0.48,0.68,0.71,1.18,1.13,30.5,18.5,0,5,9,450,610
1988-04,53,85.1,-32.1,-0.07,-0.03,0.58,0.66,0.78,0.84,0.97,0.99,28.9,18.4,0,2,7,410,442
1988-05,45,77.8,-32.8,0.71,0.53,-0.01,-0.14,0.97,0.99,0.83,0.86,28.5,16.6,0,2,8,388,437
1988-06,8,62,-54,-0.08,-0.05,0.17,0.04,0.5,0.47,0.78,0.81,24.5,13.1,0,0,15,264,388
1988-07,0,70.1,-70.1,,-0.71,0.27,-0.03,0.56,0.59,0.75,0.79,23.6,11.4,0,0,31,232,467
1988-08,0,87.3,-87.3,,-0.81,-1.25,-1,-0.32,-0.44,0.68,0.72,25.5,12.9,0,0,31,286,512
1988-09,12,107.4,-95.4,-0.84,-0.9,-1.43,-1.24,-0.7,-0.83,0.45,0.45,28.8,15.7,0,0,28,368,556
1988-10,160,97.7,62.3,1.11,1.21,0.32,0.31,0.31,0.28,0.76,0.8,27.2,17.5,0,5,3,382,493
1988-11,105,100.5,4.5,-1.04,-0.85,-0.35,-0.31,-0.62,-0.52,0.51,0.59,26.8,17.2,0,5,8,360,510
1988-12,193,117.7,75.3,-0.63,-0.68,-0.51,-0.39,-0.78,-0.69,-0.17,-0.23,29.4,19,1,7,4,439,581
1989-01,113,143.8,-30.8,-0.91,-1,-1.48,-1.45,-1.22,-1.19,-0.81,-0.78,30.2,19.9,0,4,6,466,697
1989-02,194,115.1,78.9,0.9,0.89,-0.62,-0.71,-0.78,-0.74,-0.91,-0.89,30.5,19.8,0,6,8,424,560
1989-03,141,118,23,0.25,0.09,-0.16,-0.33,-0.62,-0.57,-0.83,-0.82,30.7,20.5,0,6,5,484,573
1989-04,13,104.1,-91.1,-1.8,-1.58,0.33,0.15,-1.13,-1.19,-1.03,-1.09,30,19,0,0,6,436,522
1989-05,25,79.2,-54.1,0.01,-0.37,-0.4,-0.7,-0.81,-0.97,-1.08,-1.15,26.9,15.6,0,1,12,348,439
1989-06,44,59.6,-15.6,1.63,1.7,-0.31,-0.71,-0.29,-0.5,-0.9,-0.97,25.2,13.9,0,2,13,286,347
1989-07,13,75.5,-62.5,0.7,0.34,1,0.68,0.53,0.29,-0.85,-0.93,24.8,12.3,0,1,22,265,450
1989-08,0,80.7,-80.7,,-0.3,0.86,0.85,-0.18,-0.48,-0.86,-0.92,25.6,15.1,0,0,31,322,443
1989-09,46,97.8,-51.8,0.37,0.35,0.14,0.02,-0.31,-0.63,-0.7,-0.71,28.1,17.6,2,3,12,384,476
1989-10,190,100.4,89.6,1.5,1.54,1.13,1.21,1.41,1.34,-0.55,-0.58,26.9,17.1,0,7,4,373,493
1989-11,231,97.2,133.8,0.57,0.66,1.07,1.16,1.19,1.28,-0.04,-0.09,27.8,18.7,0,10,2,398,468
1989-12,232,110.4,121.6,-0.19,-0.18,0.64,0.76,0.56,0.68,0.13,-0.01,28,19.1,0,8,3,420,524
1990-01,82,153.6,-71.6,-1.31,-1.28,-0.67,-0.7,-0.24,-0.16,-0.02,-0.14,31.3,19.7,2,3,19,481,756
1990-02,135,126.6,8.4,0.36,0.18,-0.94,-1.06,-0.13,-0.12,-0.26,-0.34,31.9,20.7,2,4,4,456,587
1990-03,74,132.2,-58.2,-0.7,-1.01,-1.19,-1.35,-0.45,-0.52,-0.56,-0.7,32.1,20.7,1,2,4,510,630
1990-04,27,105.5,-78.5,-0.98,-1.26,-0.64,-1.02,-1.01,-1.21,-0.5,-0.66,30.6,19.1,0,0,7,445,537
1990-05,42,77.3,-35.3,0.62,0.45,-0.84,-1.19,-1.3,-1.57,-0.41,-0.55,26.9,15.1,0,2,17,341,438
1990-06,5,65.2,-60.2,-0.41,-0.57,-0.49,-0.94,-1.31,-1.55,-0.57,-0.72,26.4,14,0,0,25,306,380
1990-07,23,69.8,-46.8,1.34,1.47,0.72,0.41,-0.44,-0.85,-0.53,-0.66,25.7,13.7,0,0,19,300,393
1990-08,44,73.6,-29.6,1.15,1.51,1.22,1.37,-0.4,-0.73,-0.35,-0.46,24.4,14.1,0,2,9,288,382
1990-09,44,92.2,-48.2,0.32,0.44,1.01,1.2,0.33,0.14,-0.35,-0.42,26.4,15.5,0,1,9,328,463
1990-10,74,114.4,-40.4,-0.4,-0.47,0.18,0.34,0.4,0.48,-0.82,-0.94,28.8,17.8,0,3,6,412,530
1990-11,106,130.1,-24.1,-1.02,-1.19,-0.86,-0.93,-0.52,-0.59,-1.41,-1.54,32.2,20,4,4,5,484,619
1990-12,129,128.9,0.1,-1.52,-1.46,-1.63,-1.54,-1.12,-1.1,-1.72,-1.62,30.4,19.9,0,4,4,468,600
1991-01,385,100.7,284.3,1.06,1.16,-0.28,-0.28,-0.24,-0.15,-0.51,-0.7,28.6,20.4,0,16,4,450,466
1991-02,215,105.4,109.6,1.07,1.14,0.61,0.7,0.03,0.11,-0.19,-0.25,29.8,20.6,0,9,2,425,500
1991-03,231,108,123,1.14,1.16,1.59,1.65,0.39,0.46,0.42,0.47,29.2,20.1,0,5,4,454,526
1991-04,87,87.5,-0.5,0.74,0.73,1.54,1.55,0.61,0.68,0.65,0.74,28.3,18.1,0,2,13,396,466
1991-05,31,71.4,-40.4,0.25,0.25,1.14,1.13,1.02,1.1,0.6,0.72,26.3,15.3,0,1,10,334,414
1991-06,0,63.9,-63.9,,-0.92,0.38,0.28,1.58,1.58,0.58,0.72,26.2,14.2,0,0,30,306,386
1991-07,11,65.1,-54.1,0.53,1.06,-0.09,-0.07,1.44,1.45,0.54,0.69,25.2,13.4,0,0,15,288,395
1991-08,4,87.4,-83.4,-0.65,-0.5,-0.7,-0.6,0.96,0.94,0.4,0.49,26.4,13.5,0,0,19,310,484
1991-09,74,88.4,-14.4,0.94,1.09,0.68,0.81,0.61,0.69,0.5,0.61,26.5,15.3,0,2,13,327,451
1991-10,121,112.4,8.6,0.52,0.42,0.68,0.71,0.52,0.63,0.66,0.74,28,17.1,0,6,4,390,554
1991-11,230,108.4,121.6,0.56,0.53,0.79,0.78,0.63,0.65,1.1,1.18,28.7,19.1,0,9,2,418,541
1991-12,227,121.4,105.6,-0.24,-0.35,0.23,0.16,0.34,0.36,1.32,1.42,30.5,19.9,0,10,5,472,591
1992-01,441,93.7,347.3,1.33,1.5,0.96,1.08,1.01,1.13,1.57,1.64,27.4,20.2,0,15,1,428,437
1992-02,195,105.6,89.4,0.91,0.98,1.21,1.32,1.32,1.39,1.55,1.56,28.7,19.1,0,7,12,404,531
1992-03,31,111.1,-80.1,-1.74,-1.31,0.93,1.07,0.79,0.95,0.88,1.05,29.9,18.7,0,1,16,444,565
1992-04,79,79,0,0.57,0.74,-0.01,0.14,0.8,0.98,0.87,1.07,28.4,19.2,0,2,3,414,408
1992-05,44,72.2,-28.2,0.68,0.69,-0.7,-0.57,0.78,0.97,0.9,1.09,27.7,17,0,2,7,383,413
1992-06,8,59.3,-51.3,-0.08,0.15,0.6,0.7,0.99,1.15,0.92,1.12,26,13.9,0,0,20,298,354
1992-07,12,64.1,-52.1,0.62,1.19,0.57,0.7,0.08,0.28,0.93,1.12,25,13.2,0,0,19,282,389
1992-08,37,76.5,-39.5,0.97,1.31,0.86,1.24,-0.45,-0.2,1.06,1.25,25.5,14.4,0,1,7,308,418
1992-09,97,75.2,21.8,1.31,1.59,1.45,1.82,1.4,1.84,1.12,1.32,24.8,16.2,0,2,4,316,386
1992-10,89,92.3,-3.3,-0.07,0.21,0.98,1.42,1.07,1.52,0.99,1.26,26.6,17.9,0,3,6,380,455
1992-11,322,104,218,1.39,1.42,1.32,1.55,1.44,1.72,1.32,1.53,27.9,18.4,0,11,4,394,521
1992-12,402,112,290,1.31,1.35,1.41,1.48,1.65,1.79,1.72,2.01,27.7,18.8,0,13,1,411,561
1993-01,180,132.7,47.3,-0.25,-0.45,0.99,1.01,1.12,1.26,1,1.23,30.7,19.4,0,7,7,468,659
1993-02,35,115.6,-80.6,-1.17,-0.96,0.05,0.01,0.72,0.91,0.46,0.75,30.8,20,0,1,6,430,566
1993-03,77,124.1,-47.1,-0.65,-0.85,-1.18,-1.14,0.24,0.35,0.63,0.87,31.9,19.4,1,3,8,484,617
1993-04,81,88,-7,0.62,0.58,-1.09,-1.07,0.39,0.42,0.65,0.86,29.5,19.1,0,3,4,429,454
1993-05,18,73.1,-55.1,-0.33,-0.41,-0.43,-0.57,-0.22,-0.22,0.54,0.77,26.5,15.7,0,0,25,344,412
1993-06,24,58.2,-34.2,0.9,1.1,0.47,0.43,-0.97,-0.95,0.6,0.83,25.1,13.3,0,0,10,276,355
1993-07,2,72.2,-70.2,-0.75,-0.72,-0.02,-0.11,-1.09,-1.03,0.57,0.77,27.7,13.6,0,0,26,330,427
1993-08,15,79.7,-64.7,0.18,0.56,0.41,0.56,-0.38,-0.45,0.49,0.67,26.7,14.2,0,1,19,324,431
1993-09,41,99,-58,0.25,0.2,0.12,0.07,0.28,0.26,0.27,0.4,29.9,16.8,4,1,11,400,457
1993-10,110,123.4,-13.4,0.33,0.03,0.24,0.1,0.11,0.05,0.35,0.34,29.9,17.9,2,4,17,430,572
1993-11,113,137.9,-24.9,-0.91,-1.2,-0.47,-0.82,-0.44,-0.71,-0.47,-0.61,31.2,19.4,4,4,10,459,648
1993-12,245,119.8,125.2,-0.05,-0.14,-0.44,-0.72,-0.43,-0.66,-1.02,-1.11,29.4,20,1,8,2,456,575
1994-01,409,109.6,299.4,1.18,1.25,0.42,0.4,0.4,0.37,-0.18,-0.33,29.1,20.2,0,13,3,454,534
1994-02,49,142.1,-93.1,-0.84,-1.13,0.48,0.4,0.09,-0.09,-0.13,-0.31,32.6,20.1,1,2,8,457,686
1994-03,237,94,143,1.19,1.33,1.05,1.04,0.48,0.4,0.49,0.44,28.5,19.8,0,8,2,438,474
1994-04,132,83.9,48.1,1.54,1.6,0.83,0.79,0.73,0.7,0.69,0.64,27.7,18,0,3,5,386,460
1994-05,47,73.8,-26.8,0.76,0.74,1.61,1.66,1.19,1.17,0.78,0.73,27.4,16.9,0,2,7,376,425
1994-06,22,62.7,-40.7,0.81,0.8,1.56,1.53,1.38,1.33,0.77,0.72,25.4,13.6,0,2,12,284,405
1994-07,3,68.1,-65.1,-0.49,0.03,0.77,0.67,0.93,0.87,0.78,0.74,25.6,12.4,0,0,22,280,422
1994-08,0,85.1,-85.1,,-0.63,-0.18,-0.19,1.51,1.57,0.73,0.65,26.1,12,0,0,31,281,508
1994-09,0,106.7,-106.7,,-1.27,-2.38,-1.33,0.57,0.43,0.58,0.49,28,14.7,0,0,30,340,555
1994-10,84,120.6,-36.6,-0.17,-0.4,-1.21,-1.21,-0.73,-0.85,0.47,0.38,29.4,18.4,1,4,14,430,573
1994-11,132,113,19,-0.61,-0.68,-0.95,-1.02,-1.06,-1.07,0.55,0.52,28.6,19.2,0,4,4,417,543
1994-12,263,120.3,142.7,0.13,0.04,-0.37,-0.49,-0.7,-0.8,0.59,0.47,29.4,20.1,0,8,4,457,589
1995-01,77,147.3,-70.3,-1.39,-1.27,-1.09,-1.21,-1.37,-1.51,-0.69,-0.85,32.4,20.6,5,2,9,511,705
1995-02,174,116.3,57.7,0.73,0.7,-0.53,-0.68,-1.01,-1.16,-0.18,-0.22,30.7,20.1,0,7,8,431,571
1995-03,139,115.5,23.5,0.23,0.1,-0.5,-0.66,-0.8,-0.93,-0.61,-0.74,30.4,19.7,0,3,5,466,582
1995-04,88,83.7,4.3,0.76,0.83,0.71,0.71,-0.57,-0.64,-0.82,-0.94,28.5,18.6,0,3,9,406,448
1995-05,27,68.8,-41.8,0.09,0.19,0.37,0.35,-0.35,-0.38,-0.87,-0.97,27.1,17.1,0,0,7,374,386
1995-06,7,60.6,-53.6,-0.18,-0.02,0.45,0.51,-0.39,-0.45,-0.93,-1.02,26.2,12.6,0,0,25,282,374
1995-07,8,70.2,-62.2,0.24,0.37,-0.09,-0.05,0.61,0.63,-0.92,-1.01,26.7,14.6,0,0,21,332,417
1995-08,2,95.9,-93.9,-0.98,-1.44,-0.58,-0.93,0.16,0.05,-0.92,-1.05,29.4,14.2,0,0,20,366,527
1995-09,16,102.2,-86.2,-0.62,-0.6,-0.76,-1,-0.2,-0.33,-0.83,-0.94,28.8,16.1,1,1,17,373,499
1995-10,116,114.8,1.2,0.43,0.29,-0.25,-0.51,-0.4,-0.51,-0.67,-0.76,29.4,18.8,1,7,5,436,546
1995-11,235,112.7,122.3,0.61,0.54,0.38,0.2,0.22,0.01,-0.25,-0.37,28,18.6,0,9,4,399,561
1995-12,322,104.9,217.1,0.67,0.77,0.74,0.73,0.5,0.43,0.02,-0.16,28.9,19.7,0,12,3,444,515
1996-01,93,140.7,-47.7,-1.16,-1.12,-0.13,-0.12,-0.23,-0.29,0.04,-0.06,31.3,20.4,0,4,15,490,685
1996-02,60,131.2,-71.2,-0.63,-0.83,-0.77,-0.85,-0.47,-0.55,-0.42,-0.5,32.8,20.6,1,1,3,484,631
1996-03,102,123,-21,-0.25,-0.49,-1.47,-1.44,-0.52,-0.62,-0.6,-0.71,32.1,20.5,0,3,5,506,602
1996-04,62,95.1,-33.1,0.17,-0.05,-0.76,-0.99,-0.57,-0.69,-0.72,-0.88,29.3,17.8,0,2,11,406,505
1996-05,38,74.1,-36.1,0.49,0.42,-0.14,-0.38,-0.82,-0.93,-0.64,-0.82,26.3,14.6,0,0,8,324,447
1996-06,1,67.3,-66.3,-1.29,-1.18,0.08,-0.26,-1.37,-1.45,-0.66,-0.86,26.5,12.7,0,0,28,288,411
1996-07,10,70.1,-60.1,0.44,0.58,0.14,-0.2,-0.74,-0.98,-0.66,-0.86,25.9,12.4,0,1,29,283,424
1996-08,7,79.9,-72.9,-0.33,0.17,-0.53,-0.52,-0.35,-0.55,-0.65,-0.78,25.9,13.1,0,0,16,296,457
1996-09,80,86.9,-6.9,1.04,1.21,0.81,0.99,0.5,0.45,-0.36,-0.42,27,16.8,0,3,8,356,447
1996-10,173,111.1,61.9,1.29,1.21,1.39,1.44,1.32,1.29,-0.12,-0.18,29.1,18.3,1,7,6,425,540
1996-11,346,99.4,246.6,1.58,1.63,1.84,1.89,1.74,1.76,0.31,0.27,27.5,19,0,10,4,397,493
1996-12,274,110.9,163.1,0.24,0.25,1.32,1.35,1.37,1.44,0.14,-0.03,29.5,20.1,0,12,2,459,541
1997-01,442,120.1,321.9,1.34,1.37,1.58,1.54,1.77,1.68,1.33,1.27,29.7,20.4,0,6,4,468,592
1997-02,62,120.1,-58.1,-0.59,-0.66,0.84,0.85,1.62,1.56,1.37,1.32,30.8,20,0,4,9,432,594
1997-03,155,100,55,0.41,0.48,0.89,0.91,1.54,1.48,1.56,1.51,28.5,19.1,0,3,6,428,507
1997-04,55,86.2,-31.2,-0.01,0,-0.3,-0.22,1.27,1.3,1.57,1.54,28.4,17.7,0,2,12,392,461
1997-05,28,71.2,-43.2,0.13,0.13,0.22,0.3,0.77,0.88,1.5,1.49,25.7,15,0,1,19,322,428
1997-06,36,64.8,-28.8,1.37,1.3,0.4,0.31,0.9,0.93,1.6,1.56,25.8,12.7,0,1,12,277,418
1997-07,0,76.2,-76.2,,-1.94,0.57,0.23,-0.18,-0.16,1.58,1.53,26.9,12.9,0,0,31,306,472
1997-08,5,96.6,-91.6,-0.53,-1.2,0.41,-0.41,0.24,0.12,1.59,1.51,27.7,12.9,0,0,21,320,560
1997-09,90,95.8,-5.8,1.2,1.23,0.78,0.44,0.7,0.43,1.6,1.48,29.5,17.3,3,3,6,403,467
1997-10,132,116.5,15.5,0.7,0.53,1.02,0.79,1.12,0.82,1.43,1.35,29.5,18.7,2,4,10,437,570
1997-11,156,122.1,33.9,-0.28,-0.5,0.46,0.25,0.48,0.16,0.82,0.77,31.5,20.6,5,7,4,481,578
1997-12,277,124.7,152.3,0.27,0.14,0.15,-0.04,0.3,0.07,0.78,0.62,31.1,20.9,2,10,4,496,597
1998-01,195,125,70,-0.13,-0.28,-0.23,-0.31,0.08,-0.01,-0.1,-0.24,31.4,21.5,2,10,5,510,594
1998-02,165,122.6,42.4,0.65,0.55,0.15,0.05,0.29,0.22,0.3,0.23,32.6,21.2,10,4,11,473,584
1998-03,39,116.4,-77.4,-1.49,-1.27,-0.45,-0.53,-0.36,-0.46,-0.16,-0.31,31.5,21,1,0,12,505,564
1998-04,45,91.5,-46.5,-0.31,-0.41,-0.51,-0.62,-0.55,-0.65,-0.21,-0.38,30.4,19.9,0,2,7,454,464
1998-05,101,72.5,28.5,1.94,1.9,-0.33,-0.44,-0.08,-0.12,0.1,-0.05,27.4,16,0,4,8,362,410
1998-06,1,57.5,-56.5,-1.29,-0.25,0.84,0.78,-0.2,-0.24,-0.04,-0.14,25,13.2,0,0,25,274,351
1998-07,0,70.4,-70.4,,-0.76,1.42,1.46,-0.06,-0.14,-0.04,-0.13,26.8,13.1,0,0,31,308,426
1998-08,56,85,-29,1.42,1.52,0.86,0.93,-0.12,-0.2,0.16,0.09,28.3,16.3,0,2,20,380,459
1998-09,10,104.4,-94.4,-0.97,-0.86,0.28,0.05,0.68,0.54,-0.15,-0.24,30.1,17.6,0,0,15,416,517
1998-10,182,92.2,89.8,1.4,1.54,1.26,1.3,1.74,1.67,0.05,0.04,27.9,18.7,0,6,4,412,450
1998-11,223,95.9,127.1,0.49,0.59,0.72,0.83,0.85,1,0.31,0.37,28.2,19.1,0,11,3,410,466
1998-12,169,128.9,40.1,-0.94,-1.05,0.21,0.28,0.2,0.25,-0.07,-0.14,30.9,20.3,0,8,4,483,634
1999-01,171,133.9,37.1,-0.33,-0.52,-0.57,-0.59,-0.11,-0.02,-0.21,-0.25,32,20.9,6,6,4,510,636
1999-02,65,125.6,-60.6,-0.54,-0.69,-1.24,-1.27,-0.57,-0.53,-0.63,-0.6,32.1,20.6,2,3,9,458,609
1999-03,201,113,88,0.87,0.83,-0.22,-0.37,-0.15,-0.07,0.02,0.08,30.7,19.8,0,6,4,473,573
1999-04,20,94.8,-74.8,-1.33,-1.16,-0.18,-0.33,-0.68,-0.73,-0.08,-0.04,29.7,18.6,0,0,7,424,502
1999-05,15,79.6,-64.6,-0.5,-0.91,0.2,0,-1.02,-1.16,-0.42,-0.41,27.3,14.6,0,1,17,340,477
1999-06,6,62.9,-56.9,-0.29,-0.28,-1.43,-1.31,-0.58,-0.72,-0.39,-0.39,27,14.7,0,0,8,326,367
1999-07,1,69.8,-68.8,-1.12,-0.5,-0.94,-1.05,-0.42,-0.59,-0.39,-0.38,26.8,15.6,0,0,30,346,397
1999-08,1,93.2,-92.2,-1.28,-1.26,-1.25,-1.26,-0.1,-0.37,-0.64,-0.68,27.5,12.2,0,0,15,304,537
1999-09,23,105.9,-82.9,-0.31,-0.5,-0.79,-1.04,-1.83,-1.62,-0.57,-0.61,29,16.3,0,1,10,380,533
1999-10,76,94.9,-18.9,-0.35,-0.07,-0.87,-0.72,-1.36,-1.17,-1.01,-1.03,27.2,17,1,3,13,375,445
1999-11,363,98.2,264.8,1.71,1.76,1.03,1.1,0.84,0.86,-0.42,-0.5,27.3,18.1,0,11,4,380,484
1999-12,152,117.7,34.3,-1.17,-1.11,0.3,0.41,0.07,0.11,-0.41,-0.54,30,20.3,0,4,2,470,567
2000-01,269,117.7,151.3,0.4,0.31,0.49,0.62,0.2,0.34,-0.1,-0.14,30.4,20.5,2,9,10,478,571
2000-02,158,116.6,41.5,0.59,0.54,-0.16,-0.15,0.39,0.55,0.27,0.33,30.7,20.3,0,5,3,450,577
2000-03,222,99.1,122.9,1.06,1.16,0.85,0.89,0.78,0.96,0.34,0.47,29.4,20,0,11,5,455,501
2000-04,14,93.3,-79.3,-1.72,-1.28,0.66,0.7,0.7,0.83,0.33,0.46,28.8,18,0,0,9,403,515
2000-05,7,75.9,-68.9,-1.14,-1.15,0.26,0.25,-0.08,0.04,0.3,0.45,27.4,15.1,0,0,20,348,444
2000-06,2,67.4,-65.4,-0.95,-1.08,-2.21,-1.58,0.43,0.45,0.28,0.43,27,13.1,0,0,15,301,425
2000-07,4,63.5,-59.5,-0.3,0.64,-1.52,-1.16,0.36,0.38,0.29,0.46,25.2,13.4,0,0,16,288,382
2000-08,32,85.3,-53.3,0.82,0.96,0.31,0.26,0.26,0.23,0.41,0.57,27.4,13.9,0,2,9,331,480
2000-09,58,85.4,-27.4,0.64,0.87,0.76,0.99,-0.72,-0.61,0.54,0.76,26.4,17.1,0,4,8,352,443
2000-10,73,131.4,-58.4,-0.42,-0.8,0.2,0.06,-0.4,-0.46,0.52,0.61,31.8,18.8,5,3,11,474,627
2000-11,243,98.9,144.1,0.69,0.77,0.43,0.36,0.43,0.4,0.08,0.17,28.5,19.6,0,10,6,421,478
2000-12,302,123,179,0.5,0.41,0.45,0.32,0.56,0.56,0.61,0.56,30.7,20.5,0,9,3,484,591
2001-01,241,134.8,106.2,0.21,-0.01,0.5,0.53,0.46,0.48,0.52,0.47,30.7,20.9,0,7,5,490,659
2001-02,30,133.6,-103.6,-1.31,-1.28,-0.19,-0.4,0,-0.07,0.05,0.01,33.4,21.2,4,0,9,485,634
2001-03,101,123.6,-22.6,-0.27,-0.52,-0.62,-0.83,-0.24,-0.42,-0.46,-0.6,31.9,20.3,2,5,7,499,608
2001-04,35,109.4,-74.4,-0.65,-1.15,-1.42,-1.62,-0.22,-0.4,-0.38,-0.59,31.2,18.8,0,2,12,450,573
2001-05,30,79.1,-49.1,0.21,-0.13,-0.55,-0.94,-0.49,-0.79,-0.26,-0.48,28.2,16.4,0,1,8,382,442
2001-06,2,67.6,-65.6,-0.95,-1.1,-0.66,-1.19,-0.82,-1.12,-0.26,-0.45,27.4,15,0,0,24,336,404
2001-07,2,73,-71,-0.75,-0.86,-0.38,-0.91,-1.5,-1.71,-0.27,-0.51,27,13.5,0,0,21,318,427
2001-08,17,90.9,-73.9,0.28,0.12,-0.37,-0.96,-0.73,-1.15,-0.34,-0.62,27.9,14.6,0,1,23,348,508
2001-09,58,91.6,-33.6,0.64,0.75,0.48,0.35,-0.26,-0.78,-0.33,-0.62,27.7,16.7,1,3,13,366,463
2001-10,112,113.3,-1.3,0.36,0.25,0.53,0.46,0.26,0.06,-0.16,-0.38,28.8,18.3,1,3,9,420,560
2001-11,244,108.8,135.2,0.7,0.68,0.72,0.67,0.6,0.48,-0.16,-0.44,29.7,20.4,0,11,2,452,522
2001-12,255,115.2,139.8,0.05,0.01,0.41,0.37,0.44,0.42,-0.28,-0.6,29.2,20.3,0,11,8,458,552
2002-01,363,121.9,241.1,0.94,0.91,0.82,0.87,0.84,0.89,0.12,-0.13,30.6,20.5,0,11,4,482,590
2002-02,218,92.6,125.4,1.09,1.26,1.1,1.18,1.18,1.25,0.82,0.78,29.6,20.8,0,7,6,426,445
2002-03,68,129.3,-61.3,-0.82,-1.05,0.85,0.85,0.85,0.9,0.71,0.67,31.4,20.4,0,1,4,492,653
2002-04,9,109.6,-100.6,-2.15,-1.81,-0.1,-0.24,0.62,0.64,0.63,0.58,31.7,19.1,1,0,11,462,568
2002-05,37,80.3,-43.3,0.46,0.13,-1.26,-1.5,0.5,0.47,0.64,0.6,28.4,17,0,1,8,394,459
2002-06,0,68.1,-68.1,,-1.37,-1.26,-1.56,0.54,0.41,0.63,0.61,27.8,14,0,0,30,326,418
2002-07,2,70.8,-68.8,-0.75,-0.51,-0.19,-0.75,-0.2,-0.43,0.64,0.61,26.8,14.4,0,0,13,328,414
2002-08,2,95.5,-93.5,-0.98,-1.4,-1.77,-1.77,-1.7,-1.77,0.59,0.52,29.1,14.5,0,0,14,366,527
2002-09,111,91,20,1.51,1.57,1.07,0.95,0,-0.61,0.77,0.71,26.9,16.5,0,4,10,351,460
2002-10,39,141.6,-102.6,-1.39,-1.59,0.03,-0.47,-0.17,-0.78,0.49,0.34,31.4,18.1,0,2,20,457,689
2002-11,247,122.9,124.1,0.73,0.56,0.6,0.24,0.35,-0.12,0.52,0.28,29.5,19.5,0,10,5,435,610
2002-12,301,115.9,185.1,0.49,0.47,0.28,-0.01,0.51,0.26,0.65,0.33,30.5,20.8,2,10,3,485,553
2003-01,486,112.2,373.8,1.53,1.63,1.48,1.41,1.32,1.19,1.08,0.85,30.2,21.4,0,15,2,489,538
2003-02,21,139.5,-118.5,-1.62,-1.48,0.97,0.91,1.02,0.87,0.41,0.05,32.2,20.8,0,1,17,462,688
2003-03,59,116.1,-57.1,-1,-0.99,0.46,0.34,0.44,0.28,0.37,0.07,31.3,20.3,2,2,5,490,563
2003-04,39,93.7,-54.7,-0.51,-0.63,-2.08,-1.86,0.61,0.54,0.5,0.25,30.1,18.4,0,1,8,428,489
2003-05,10,77.9,-67.9,-0.85,-1.09,-1.36,-1.26,0.35,0.3,0.39,0.17,28,14.9,0,0,16,355,450
2003-06,0,72.9,-72.9,,-1.91,-1.16,-1.3,0.16,-0.02,0.39,0.17,28.4,13,0,0,30,320,452
2003-07,3,73.1,-70.1,-0.49,-0.71,-1.52,-1.64,-2.42,-2.09,0.4,0.16,27.1,11.7,0,0,18,292,441
2003-08,40,82.2,-42.2,1.05,1.25,0.47,0.02,-1.19,-1.22,0.54,0.32,26.8,14.6,0,2,11,331,455
2003-09,40,99.4,-59.4,0.22,0.17,0.59,0.47,-0.46,-0.78,0.27,0.04,28.5,17.1,1,2,10,384,502
2003-10,58,124.7,-66.7,-0.8,-0.96,-0.18,-0.35,-0.81,-1.1,0.33,0.16,29.7,18.1,0,2,11,432,602
2003-11,205,118,87,0.3,0.15,-0.13,-0.39,-0.08,-0.39,0.18,-0.01,29.7,20,0,8,6,444,559
2003-12,189,122.1,66.9,-0.68,-0.77,-0.55,-0.71,-0.38,-0.55,-0.2,-0.49,30.8,20.5,0,7,4,486,576
2004-01,323,107,215.9,0.73,0.75,0.19,0.26,0.08,0.11,-0.95,-1.09,29.1,20.4,0,12,4,457,509
2004-02,259,97.6,161.4,1.38,1.5,0.81,0.92,0.52,0.6,0.04,0.03,29.2,20.3,0,13,3,428,472
2004-03,229,106.5,122.5,1.12,1.16,1.52,1.59,0.86,0.93,0.68,0.7,29.5,19.3,0,8,4,448,545
2004-04,163,81.8,81.2,1.99,2.03,2.18,2.09,1.39,1.4,1.14,1.13,28.4,19.1,0,6,8,412,434
2004-05,30,66.3,-36.3,0.21,0.41,1.65,1.67,1.47,1.49,1.19,1.2,26.4,16.7,0,1,10,358,379
2004-06,23,56.4,-33.4,0.85,1.13,1.74,1.87,1.86,1.84,1.26,1.29,25.1,13.6,0,1,11,280,359
2004-07,32,63.4,-31.4,1.78,2.03,1.07,1.4,2.3,2.19,1.36,1.38,24.4,13.5,0,1,9,278,398
2004-08,5,86.9,-81.9,-0.53,-0.38,0.94,1.15,1.79,1.85,1.25,1.3,27.1,12.7,0,0,25,308,509
2004-09,0,113.5,-113.5,,-1.51,-0.4,-0.66,1.14,1.18,1.1,1.14,29.8,15.5,0,0,30,380,576
2004-10,71,112.9,-41.9,-0.47,-0.5,-1.4,-1.33,-0.64,-0.53,1.12,1.18,28.6,18.8,0,2,12,424,536
2004-11,123,122.7,0.3,-0.75,-0.9,-1.19,-1.23,-0.92,-0.98,0.86,0.94,29.2,19.5,1,5,5,430,570
2004-12,393,109.2,283.8,1.25,1.3,0.28,0.19,0.12,0,1.42,1.51,29,20.5,0,17,2,458,524
2005-01,249,116.3,132.7,0.27,0.18,0.41,0.48,0.02,0.02,1.27,1.32,30,21,0,10,3,480,553
2005-02,229,112.2,116.8,1.17,1.2,1.25,1.28,0.49,0.5,1.2,1.21,30.3,19.8,0,11,4,421,563
2005-03,351,108.8,242.2,2.02,1.98,1.59,1.57,1.41,1.35,1.63,1.52,29.7,20.7,0,8,4,472,541
2005-04,60,94.8,-34.8,0.12,-0.1,2.12,1.94,1.51,1.41,1.31,1.26,29.4,19.3,0,3,6,431,495
2005-05,55,72.6,-17.6,0.98,1.01,1.93,1.79,1.98,1.75,1.36,1.28,26.8,16.3,0,2,14,358,427
2005-06,36,58,-22,1.37,1.53,0.9,0.78,1.69,1.59,1.39,1.3,25.4,14.7,0,2,11,301,362
2005-07,6,64.6,-58.6,0,0.72,1.32,1.46,2.3,2.06,1.32,1.23,24.7,13.3,0,0,17,278,410
2005-08,18,89.8,-71.8,0.32,0.23,0.94,1.02,2.06,1.94,1.37,1.27,27.5,14.8,0,0,10,345,522
2005-09,138,86.3,51.7,1.85,1.9,1.63,1.73,1.75,1.8,1.8,1.63,26.6,17.3,0,3,17,359,437
2005-10,50,124.4,-74.4,-1.03,-1.1,0.77,0.64,1.25,1.19,1.68,1.54,29.9,17.8,1,3,16,430,617
2005-11,179,90.4,88.6,0,0.16,0.38,0.42,0.54,0.65,1.89,1.77,26.5,19.1,0,6,2,384,436
2005-12,163,110.2,52.8,-1.02,-0.92,-0.97,-0.83,-0.27,-0.15,1.08,1.15,28,18.7,0,6,3,414,548
2006-01,15,140.9,-125.9,-2.99,-1.62,-1.87,-1.64,-1.33,-1.22,0.31,0.34,31.2,19.7,3,0,8,478,681
2006-02,80,124.7,-44.7,-0.31,-0.48,-2.45,-1.92,-1.58,-1.43,-0.26,-0.19,32.5,20.9,3,2,9,468,600
2006-03,190,103.9,86.1,0.77,0.81,-1.23,-1.16,-1.8,-1.66,-0.98,-0.87,30.3,20.8,0,8,3,482,514
2006-04,113,83.4,29.6,1.23,1.31,0.58,0.61,-1.22,-1.07,-0.75,-0.6,28.2,18.6,0,5,4,402,444
2006-05,8,70.1,-62.1,-1.03,-0.77,0.85,0.92,-1.44,-1.31,-0.93,-0.76,26.2,14.4,0,0,19,320,424
2006-06,6,57.9,-51.9,-0.29,0.11,0.53,0.62,-0.99,-0.91,-1.06,-0.88,25.2,13.1,0,0,26,275,354
2006-07,2,71.2,-69.2,-0.75,-0.56,-1.3,-0.84,0.3,0.36,-1.09,-0.93,26.4,11.5,0,0,30,278,439
2006-08,7,83,-76,-0.33,0,-0.7,-0.43,0.65,0.75,-1.15,-0.96,27.4,15,0,0,26,348,448
2006-09,61,89.9,-28.9,0.7,0.84,0.36,0.43,0.49,0.66,-1.5,-1.28,27,15.9,0,2,13,343,455
2006-10,196,93.8,102.2,1.58,1.67,1.43,1.57,0.99,1.25,-0.79,-0.52,27.6,19,0,7,5,412,442
2006-11,226,95,131,0.52,0.63,1.17,1.36,1.02,1.25,-0.6,-0.37,27.9,19.7,0,9,4,414,448
2006-12,389,103.7,285.3,1.22,1.31,1.4,1.54,1.33,1.48,0.31,0.39,29,20.9,0,13,2,464,484
2007-01,253,97.7,155.3,0.29,0.34,0.84,1.07,1.14,1.35,1.12,1.36,28.9,21.5,0,11,2,470,457
2007-02,125,103.8,21.2,0.26,0.32,0.79,1,1.18,1.41,1.3,1.52,29.9,20.1,0,5,4,420,509
2007-03,74,126,-52,-0.7,-0.92,-0.14,-0.04,0.86,1.1,0.91,1.19,31.3,19.4,0,3,8,475,637
2007-04,50,86.5,-36.5,-0.15,-0.14,-0.51,-0.5,0.47,0.72,0.7,1.02,29,18.6,0,1,4,414,446
2007-05,9,74.6,-65.6,-0.94,-0.96,-0.98,-1.02,0.28,0.5,0.69,0.99,26.5,14.5,0,0,23,326,442
2007-06,3,65.8,-62.8,-0.73,-0.82,-0.79,-0.78,-0.38,-0.24,0.68,0.96,26.5,12.4,0,0,26,284,415
2007-07,1,72,-71,-1.12,-0.86,-1.52,-1.32,-0.84,-0.82,0.68,0.96,26.3,13.1,0,0,27,300,426
2007-08,0,91.7,-91.7,,-1.21,-1.77,-1.56,-1.4,-1.34,0.66,0.9,28,13,1,0,31,326,514
2007-09,7,104.5,-97.5,-1.21,-0.97,-1.74,-1.4,-1.73,-1.46,0.45,0.68,29,15.4,1,0,22,366,531
2007-10,97,123.8,-26.8,0.09,-0.21,-0.79,-1.04,-1.46,-1.59,0.07,0.21,30.8,18.4,4,4,18,452,571
2007-11,76,115.4,-39.4,-1.6,-1.37,-1.36,-1.28,-1.72,-1.57,-0.53,-0.47,29.9,19.8,3,1,3,446,539
2007-12,206,135.4,70.6,-0.48,-0.73,-1.06,-1.18,-1.35,-1.44,-1.19,-1.14,30.8,20,0,6,8,478,658
2008-01,244,111.1,132.9,0.23,0.18,-0.78,-0.81,-0.97,-1.09,-1.38,-1.36,28.7,19.5,0,8,6,438,537
2008-02,95,116.3,-21.3,-0.1,-0.18,-0.35,-0.39,-1.04,-1.1,-1.56,-1.62,30.2,20.2,0,5,7,442,577
2008-03,99,108.8,-9.8,-0.3,-0.34,-0.22,-0.17,-1.05,-1.07,-1.48,-1.52,29.5,19.9,0,3,4,456,549
2008-04,97,89.1,7.9,0.94,0.9,-0.13,-0.12,-0.84,-0.81,-1.27,-1.33,29.1,19.6,0,3,7,430,470
2008-05,1,75.4,-74.4,-2.34,-1.47,-0.2,-0.25,-0.48,-0.43,-1.26,-1.34,26.8,14.5,0,0,25,331,450
2008-06,18,61.7,-43.7,0.6,0.64,0.35,0.19,-0.16,-0.08,-1.17,-1.25,25.4,14,0,1,19,291,373
2008-07,8,75.8,-67.8,0.24,-0.35,-0.69,-0.92,-0.33,-0.37,-1.15,-1.24,26.1,11.4,0,0,26,272,480
2008-08,22,93.8,-71.8,0.48,0.23,0.62,0.09,-0.09,-0.28,-1.06,-1.15,28.3,14.5,0,1,23,352,513
2008-09,77,97.6,-20.6,0.99,0.99,0.95,0.67,0.8,0.51,-0.73,-0.8,27.5,15.2,0,3,14,340,500
2008-10,53,119.2,-66.2,-0.94,-0.95,0.03,-0.21,-0.35,-0.62,-0.9,-0.93,29.4,18.9,2,2,10,438,567
2008-11,308,96,212,1.27,1.37,0.88,0.85,0.94,0.84,0.05,0.04,27.7,19.3,0,12,2,406,460
2008-12,514,99.3,414.7,2.09,2.09,1.69,1.7,1.74,1.68,1.08,1.11,27.6,19.8,0,15,4,426,478
2009-01,288,117.7,170.3,0.52,0.44,1.74,1.7,1.58,1.52,1.28,1.28,29.5,20.6,0,11,8,468,575
2009-02,140,120.2,19.8,0.42,0.31,1.54,1.54,1.63,1.56,1.46,1.4,30.9,20.6,0,5,3,441,591
2009-03,171,112.5,58.5,0.58,0.52,0.62,0.59,1.61,1.53,1.72,1.57,30.7,20.4,1,9,6,482,555
2009-04,72,85.5,-13.5,0.42,0.43,0.58,0.56,1.8,1.69,1.67,1.54,28.1,18.5,0,4,6,398,461
2009-05,3,72.8,-69.8,-1.72,-1.2,0.29,0.25,1.45,1.4,1.63,1.52,26.8,15.6,0,0,15,347,428
2009-06,47,57.9,-10.9,1.72,1.82,0.45,0.46,0.65,0.68,1.71,1.57,24.9,14.2,0,2,13,288,358
2009-07,7,70.2,-63.2,0.13,0.26,0.38,0.36,0.59,0.58,1.72,1.58,26.3,14.9,0,0,13,328,412
2009-08,14,81.3,-67.3,0.13,0.45,1.13,1.27,0.55,0.56,1.71,1.63,26.4,14.8,0,0,20,330,450
2009-09,143,98.7,44.3,1.91,1.83,1.66,1.65,1.49,1.54,1.89,1.72,29.6,18.2,1,5,7,417,486
2009-10,189,103.6,85.4,1.49,1.49,2.22,2.06,2.25,1.99,2.24,1.98,29.1,19.5,0,9,4,444,500
2009-11,116,131.1,-15.1,-0.86,-1.09,0.94,0.78,1.14,1.04,1.71,1.59,31.2,20.4,0,4,5,474,633
2009-12,369,112.1,256.9,1.06,1.1,0.74,0.66,1.14,1.09,1.15,1.12,29.4,20.7,0,11,3,466,536
2010-01,69,157.1,-88.1,-1.51,-1.38,-0.62,-0.87,0.26,0.18,0.46,0.31,32.6,20.7,0,2,7,516,756
2010-02,26,132.8,-106.8,-1.44,-1.32,-0.85,-1.04,-0.15,-0.36,0.04,-0.09,33.2,20.6,8,0,8,473,623
2010-03,162,114.5,47.5,0.49,0.39,-1.46,-1.48,-0.51,-0.72,-0.01,-0.14,31.1,20.7,1,7,4,493,557
2010-04,98,92.6,5.4,0.96,0.85,-0.18,-0.38,-0.73,-1,0.1,-0.07,28.8,18,0,5,12,401,499
2010-05,25,71.8,-46.8,0.01,-0.02,0.64,0.53,-0.44,-0.62,0.19,0.05,26.3,15.4,0,0,9,336,421
2010-06,4,62.4,-58.4,-0.56,-0.41,0.53,0.37,-1.18,-1.31,0.03,-0.12,25,11.6,0,0,26,250,403
2010-07,1,69.6,-68.6,-1.12,-0.46,-0.55,-0.55,-0.35,-0.51,0,-0.15,26,14,0,0,20,310,411
2010-08,0,93.9,-93.9,,-1.44,-1.61,-1.37,0.34,0.13,-0.06,-0.29,27.3,11.7,0,0,31,294,544
2010-09,25,103.1,-78.1,-0.24,-0.35,-0.76,-0.96,-0.12,-0.43,-0.54,-0.78,28.2,15.2,0,1,19,351,513
2010-10,151,100.8,50.2,0.98,1.05,0.38,0.3,0.05,0.05,-0.68,-0.9,27.5,18.3,0,7,6,400,470
2010-11,340,93.6,246.4,1.53,1.63,1.37,1.44,1.17,1.19,0.22,0.11,27.5,19.6,0,13,4,406,442
2010-12,490,115.9,374.1,1.93,1.87,2.13,2.07,1.84,1.77,0.63,0.41,30.1,20.5,0,15,2,476,553
2011-01,210,134.5,75.5,-0.01,-0.24,1.5,1.45,1.43,1.37,1.12,1.03,30.4,20.7,0,10,4,482,652
2011-02,62,122.3,-60.3,-0.59,-0.69,0.76,0.68,1.28,1.25,1.27,1.2,31.7,20.1,0,2,11,445,589
2011-03,288,87.8,200.2,1.58,1.74,0.43,0.43,1.83,1.7,1.71,1.58,28.5,20.1,0,12,5,444,433
2011-04,70,80.2,-10.2,0.37,0.51,0.84,0.99,1.7,1.61,1.65,1.57,28,18.6,0,3,13,398,420
2011-05,8,68.8,-60.8,-1.03,-0.7,1.26,1.45,1.22,1.23,1.55,1.51,25.8,14.7,0,0,12,318,409
2011-06,16,56.2,-40.2,0.49,0.82,-0.06,0.17,0.34,0.46,1.58,1.53,24.5,12.9,0,0,10,260,349
2011-07,1,65.9,-64.9,-1.12,0.06,-0.78,-0.3,0.63,0.86,1.59,1.54,25.1,11.6,0,0,23,259,416
2011-08,2,90.5,-88.5,-0.98,-0.91,-0.47,-0.29,1.11,1.33,1.61,1.58,28.4,14.3,0,0,29,352,486
2011-09,6,100.3,-94.3,-1.31,-0.86,-1.65,-1.12,-0.98,-0.67,1.53,1.51,28,14.2,0,0,26,333,511
2011-10,165,88.8,76.2,1.18,1.38,0.34,0.49,-0.07,0.34,1.53,1.55,27,18,0,7,4,387,411
2011-11,314,90.6,223.4,1.32,1.46,1.18,1.37,1.06,1.28,1.48,1.54,26.2,17.6,0,12,10,358,443
2011-12,386,91.8,294.2,1.19,1.38,1.64,1.82,1.3,1.49,1.06,1.29,27.8,19.9,0,10,4,429,433
2012-01,263,107,156,0.36,0.34,1.21,1.39,1.15,1.35,1.28,1.56,28.3,19.8,0,7,12,436,518
2012-02,28,124.3,-96.3,-1.37,-1.18,0.36,0.51,0.86,1.11,1.2,1.46,30.8,19.4,0,1,8,438,611
2012-03,106,102.6,3.4,-0.2,-0.16,-0.46,-0.38,0.86,1.14,0.57,0.94,29.5,19.4,0,4,5,446,502
2012-04,39,83.5,-44.5,-0.51,-0.35,-1.33,-1.1,0.54,0.83,0.46,0.85,28.7,18.5,0,1,6,408,435
2012-05,100,64.6,35.4,1.92,1.99,0.28,0.43,0.37,0.66,0.79,1.12,25.1,15.6,0,3,7,321,379
2012-06,2,59.6,-57.6,-0.95,-0.35,0.75,0.89,-0.24,-0.06,0.74,1.07,25.8,15.5,0,0,19,320,363
2012-07,1,73,-72,-1.12,-1.05,1.44,1.54,-0.71,-0.54,0.74,1.05,26.2,12.5,0,0,25,290,455
2012-08,4,80.3,-76.3,-0.65,-0.02,-1.36,-0.78,-0.02,0.16,0.76,1.08,26.2,13.7,0,0,16,308,456
2012-09,16,105.9,-89.9,-0.62,-0.72,-0.96,-0.91,0.01,0.05,0.78,1.08,29.4,15.7,3,0,9,376,531
2012-10,47,131.9,-84.9,-1.12,-1.29,-1.63,-1.52,-0.49,-0.63,0.34,0.57,30.8,17.9,6,2,12,446,627
2012-11,244,92.6,151.4,0.7,0.84,-0.09,-0.27,-0.36,-0.43,0.09,0.3,27.9,19.6,1,10,3,412,441
2012-12,90,137.2,-47.2,-2.23,-1.92,-1.05,-1.1,-1.24,-1.25,-1.02,-0.93,32.3,21,4,3,8,515,645
2013-01,286,111.2,174.8,0.51,0.47,-0.28,-0.19,-0.68,-0.69,-1.05,-0.97,29.6,20.5,0,9,6,467,524
2013-02,64,110.8,-46.8,-0.56,-0.51,-1,-0.94,-0.92,-0.92,-0.91,-0.77,30.6,19.7,0,3,16,425,544
2013-03,232,95.8,136.2,1.14,1.27,0.54,0.66,-0.36,-0.24,-0.39,-0.23,29.3,20.5,0,11,7,462,462
2013-04,77,75.4,1.6,0.53,0.77,0.51,0.75,-0.04,0.22,-0.23,-0.04,27.3,17.8,0,3,15,376,400
2013-05,67,66.2,0.8,1.27,1.44,1.34,1.51,-0.11,0.12,-0.35,-0.16,26.3,15.2,0,5,22,332,377
2013-06,16,54.9,-38.9,0.49,0.89,1.03,1.32,0.75,0.97,-0.29,-0.06,25.8,15.3,0,1,15,318,322
2013-07,0,64.8,-64.8,,0.07,1.02,1.37,0.7,1,-0.29,-0.04,25.6,14.1,0,0,31,306,380
2013-08,6,85.6,-79.6,-0.42,-0.23,-0.32,0.09,1.21,1.46,-0.29,-0.08,27.2,13.9,0,0,26,327,476
2013-09,30,95.9,-65.9,-0.07,-0.01,-0.43,-0.3,0.47,0.81,-0.23,0.03,28,16.3,1,0,13,366,484
2013-10,100,99.3,0.7,0.15,0.28,-0.22,-0.02,0.23,0.63,-0.01,0.33,27.3,17.6,0,5,7,386,490
2013-11,137,108.9,28.1,-0.54,-0.57,-0.44,-0.37,-0.58,-0.36,-0.44,-0.15,28.7,19.1,1,6,4,417,531
2013-12,296,108.4,187.6,0.44,0.5,-0.03,0.04,-0.19,-0.05,0.37,0.59,29.2,21,0,10,2,468,521
2014-01,46,153,-107,-1.96,-1.5,-1.05,-1.12,-1.05,-1.01,-0.58,-0.39,32.1,19.8,1,2,8,494,751
2014-02,24,133.8,-109.8,-1.51,-1.36,-1.53,-1.5,-1.53,-1.5,-0.77,-0.59,32.1,19.8,0,0,10,447,654
2014-03,88,105.9,-17.9,-0.47,-0.45,-2.43,-1.89,-1.72,-1.66,-1.48,-1.28,29.6,19.8,0,2,6,456,529
2014-04,64,90.2,-26.1,0.22,0.12,-1.29,-1.24,-1.68,-1.69,-1.57,-1.41,28.8,18.4,0,1,5,408,487
2014-05,7,76.9,-69.9,-1.14,-1.2,-0.64,-0.62,-1.72,-1.72,-1.82,-1.68,27.3,15.1,0,0,15,346,451
2014-06,2,64.5,-62.5,-0.95,-0.79,-0.51,-0.67,-2.41,-2.02,-1.87,-1.8,26.6,14.5,0,0,16,316,397
2014-07,28,65.5,-37.5,1.6,1.84,-0.27,-0.43,-1.35,-1.25,-1.74,-1.67,25.4,14.5,0,1,12,308,386
2014-08,12,91.2,-79.2,0.02,-0.2,0.44,0.23,-0.56,-0.59,-1.73,-1.63,27.6,13.3,0,0,19,324,514
2014-09,8,117.8,-109.8,-1.12,-1.38,-0.11,-0.65,-0.65,-1,-1.82,-1.81,29.6,15.9,1,0,16,382,598
2014-10,60,127.7,-67.7,-0.74,-0.98,-1.3,-1.59,-1.46,-1.73,-1.97,-1.97,30.3,17.3,7,3,18,428,618
2014-11,204,117.2,86.8,0.29,0.14,-0.4,-0.78,-0.36,-0.74,-1.65,-1.72,29.8,19.5,0,7,8,440,558
2014-12,149,138,11,-1.22,-1.35,-0.81,-1.04,-0.84,-1.14,-2.18,-1.86,30.7,20.2,3,6,8,480,668
2015-01,48,162.6,-114.6,-1.91,-1.55,-1.55,-1.82,-1.82,-2.2,-2.4,-2.18,33.4,20.4,7,1,16,523,773
2015-02,132,118,14,0.33,0.24,-1.82,-1.79,-1.71,-2.02,-1.86,-2.06,31,20.6,0,7,6,442,569
2015-03,83,115.6,-32.6,-0.55,-0.65,-1.41,-1.41,-1.81,-2.06,-1.94,-2.23,30.7,20.3,0,3,6,481,570
2015-04,32,85.1,-53.1,-0.77,-0.58,-0.53,-0.54,-1.72,-1.89,-2.15,-2.33,28.6,18.8,0,1,14,410,441
2015-05,96,62.1,33.9,1.85,1.98,-0.05,0,-1.62,-1.71,-1.61,-1.88,25.5,16.5,0,4,20,340,351
2015-06,9,59.7,-50.7,0,0.19,0.69,0.85,-1.07,-1.09,-1.56,-1.86,25.7,14.4,0,0,13,302,365
2015-07,11,66.8,-55.9,0.53,0.94,1.68,1.91,0.03,0.12,-1.66,-1.93,26.1,14.5,0,1,26,320,390
2015-08,7,87.1,-80.1,-0.33,-0.26,-0.09,-0.03,-0.16,-0.08,-1.71,-1.86,27.6,14.3,0,0,27,340,485
2015-09,57,108,-51,0.62,0.37,0.45,0.18,0.67,0.68,-1.43,-1.63,30.1,18,1,3,16,422,532
2015-10,41,135.7,-94.7,-1.32,-1.46,-0.77,-1.17,0.26,0.01,-1.48,-1.65,32.3,19.3,6,2,17,490,631
2015-11,172,127.2,44.8,-0.08,-0.36,-0.42,-0.85,-0.51,-0.87,-1.66,-1.78,32.1,21.4,6,4,12,504,580
2015-12,196,139.4,56.6,-0.6,-0.88,-0.84,-1.17,-0.69,-1.06,-1.26,-1.38,31.7,20.8,0,5,6,504,669
2016-01,341,115.6,225.4,0.83,0.81,0.16,0.06,-0.1,-0.34,-0.15,-0.38,30,21.1,2,11,7,482,542
2016-02,26,137.1,-111.1,-1.44,-1.38,-0.25,-0.46,-0.51,-0.86,-0.59,-0.83,32.8,21.1,3,0,7,492,657
2016-03,57,115.7,-58.6,-1.04,-1.01,-0.3,-0.42,-0.97,-1.28,-0.73,-0.98,31.1,20.7,0,1,9,494,567
2016-04,29,106.6,-77.6,-0.89,-1.23,-2.19,-1.99,-0.82,-1.1,-0.76,-1.09,31.5,18.8,0,1,16,455,543
2016-05,12,74.7,-62.7,-0.7,-0.81,-1.53,-1.44,-0.91,-1.12,-1.11,-1.48,27.7,16.7,0,0,13,378,414
2016-06,44,55.2,-11.2,1.63,1.81,-0.25,-0.55,-0.4,-0.53,-0.93,-1.31,25.1,14.5,0,1,14,294,324
2016-07,0,73.3,-73.3,,-1.3,0.35,0.26,-1.9,-1.77,-0.99,-1.38,27,14.1,0,0,31,328,430
2016-08,1,95.7,-94.7,-1.28,-1.53,0.53,0.23,-1.31,-1.33,-1.03,-1.42,28.5,14.8,0,0,15,361,506
2016-09,65,105.4,-40.4,0.78,0.61,0.28,-0.26,-0.15,-0.68,-0.98,-1.37,29.8,17.5,3,3,10,410,512
2016-10,80,109.4,-29.4,-0.26,-0.26,-0.06,-0.3,-0.01,-0.17,-0.78,-1.05,28.7,19.1,2,3,14,432,514
2016-11,230,107,123,0.56,0.55,0.44,0.33,0.49,0.36,-0.54,-0.76,28.9,19.9,0,7,5,432,511
2016-12,273,125.7,147.3,0.23,0.09,0.26,0.19,0.25,0.09,-0.17,-0.43,30.6,20.1,1,8,3,476,605
2017-01,78,143.3,-65.3,-1.37,-1.23,-0.48,-0.58,-0.49,-0.63,-1.37,-1.47,31.7,20.6,1,2,11,501,690
2017-02,125,109.3,15.7,0.26,0.26,-0.77,-0.85,-0.42,-0.48,-0.93,-1.08,30.8,20.5,0,6,3,438,530
2017-03,102,118,-16,-0.25,-0.43,-1.08,-1.07,-0.71,-0.74,-0.76,-0.93,30.5,19.4,1,2,4,464,592
2017-04,27,86.8,-59.8,-0.98,-0.76,-0.46,-0.44,-0.75,-0.79,-0.78,-0.87,28.9,18.4,0,1,14,410,445
2017-05,37,66.3,-29.4,0.46,0.65,-0.55,-0.53,-1.01,-1.01,-0.64,-0.69,26,16,0,2,18,342,374
2017-06,7,65,-58,-0.18,-0.38,-0.56,-0.47,-1.23,-1.14,-0.79,-0.88,26.6,15.2,0,0,13,326,393
2017-07,1,65.4,-64.4,-1.12,0.12,0.02,0.13,-0.5,-0.39,-0.79,-0.84,24.6,12.7,0,0,16,268,400
2017-08,0,87,-87,,-0.78,-1.25,-0.91,-0.89,-0.78,-0.81,-0.82,27,13.8,0,0,31,322,480
2017-09,0,112.8,-112.8,,-1.48,-2.99,-1.49,-1.67,-1.31,-1.09,-1.11,29.3,14.7,0,0,30,360,586
2017-10,58,130.6,-72.6,-0.8,-1.07,-1.88,-1.8,-1.76,-1.7,-1.16,-1.24,31.5,18.8,4,2,18,469,613
2017-11,151,101.1,49.9,-0.35,-0.3,-1.02,-1.09,-1.32,-1.28,-1.55,-1.51,28.5,19.7,0,5,4,422,475
2017-12,281,117.8,163.2,0.3,0.26,-0.3,-0.4,-0.65,-0.76,-1.34,-1.25,30,20.6,1,7,15,476,558
2018-01,111,142.2,-31.2,-0.93,-1.01,-0.68,-0.71,-1.12,-1.28,-1.34,-1.3,32.1,20.7,2,3,14,508,678
2018-02,295,101,194,1.62,1.69,0.41,0.37,-0.22,-0.29,-0.6,-0.65,29.6,20.6,0,9,6,423,491
2018-03,173,113.6,59.4,0.6,0.53,0.52,0.46,0.1,0.1,-0.32,-0.34,31,21.1,0,6,4,496,563
2018-04,55,82.7,-27.7,-0.01,0.08,1.48,1.52,0.26,0.37,-0.2,-0.21,28.2,18.4,0,1,7,400,439
2018-05,15,72.5,-57.5,-0.5,-0.53,0.26,0.24,0.41,0.47,-0.28,-0.31,26.9,15.1,0,0,11,341,428
2018-06,1,58.6,-57.6,-1.29,-0.34,-0.56,-0.39,0.33,0.35,-0.3,-0.28,26.2,15.8,0,0,18,330,339
2018-07,2,71.2,-69.2,-0.75,-0.56,-1.17,-0.87,1.24,1.29,-0.3,-0.31,26.7,13.4,0,0,20,311,432
2018-08,71,73.4,-2.4,1.72,1.9,1.26,1.52,0.57,0.65,-0.01,0.01,25.9,15.7,0,3,9,336,394
2018-09,31,94,-63,-0.03,0.07,0.91,1.07,0.19,0.42,0.11,0.22,28,17.2,0,1,14,378,480
2018-10,131,104,27,0.68,0.71,1.09,1.25,0.64,0.9,0.38,0.55,29.4,19.6,1,3,6,450,490
2018-11,143,106.5,36.5,-0.46,-0.46,-0.11,-0.08,0.18,0.34,0.36,0.49,28.3,19.8,0,6,5,421,512
2018-12,233,120.2,112.8,-0.18,-0.27,-0.19,-0.19,0.05,0.14,0.2,0.2,30.4,20.1,4,9,11,472,570
2019-01,46,160.9,-114.9,-1.96,-1.55,-1.41,-1.53,-0.84,-0.85,-0.08,-0.07,32.6,20.7,1,1,13,517,779
2019-02,127,113.8,13.2,0.28,0.24,-1.24,-1.3,-1.11,-1.13,-0.78,-0.73,31.6,20.9,4,6,6,455,542
2019-03,117,116.3,0.7,-0.05,-0.2,-1.19,-1.25,-1.15,-1.22,-1.07,-1.01,31.2,20.6,0,4,4,492,569
2019-04,100,90.1,9.9,1,0.94,0.3,0.26,-1.09,-1.2,-0.87,-0.86,30.3,20.1,0,2,6,456,455
2019-05,38,70.6,-32.6,0.49,0.54,0.37,0.28,-0.91,-1.03,-0.73,-0.72,28.2,18,0,2,12,407,381
2019-06,11,63.6,-52.6,0.16,0.06,0.87,0.77,-0.82,-0.95,-0.68,-0.67,27.1,15,0,1,26,330,371
2019-07,1,74.7,-73.7,-1.12,-1.38,0.17,-0.09,0.27,0.19,-0.69,-0.7,27.1,11.9,0,0,25,296,444
2019-08,14,83.5,-69.5,0.13,0.34,-0.14,-0.38,0.26,0.11,-0.96,-1,27.5,14.7,0,0,20,343,442
2019-09,19,100.5,-81.5,-0.47,-0.46,-0.49,-0.61,0.3,0.12,-1,-1.06,29.6,17.6,4,1,25,408,473
2019-10,17,121.5,-104.5,-2.45,-1.63,-2.13,-1.58,-1.83,-1.57,-1.49,-1.53,31.3,19.1,1,0,9,472,555
2019-11,107,110.2,-3.2,-1.01,-0.95,-1.84,-1.45,-1.91,-1.55,-1.7,-1.66,30.2,20.2,5,5,4,456,512
2019-12,174,116,58,-0.87,-0.86,-1.72,-1.46,-1.78,-1.53,-1.78,-1.54,29.8,20.7,0,7,5,473,548
2020-01,294,115.3,178.7,0.56,0.5,-0.51,-0.43,-1,-0.94,-0.81,-0.8,30.9,21.4,3,8,3,500,537
2020-02,186,105,81,0.84,0.91,0.24,0.33,-0.68,-0.58,-0.56,-0.5,30.2,21,0,8,4,453,503
2020-03,132,94.9,37.1,0.14,0.27,0.68,0.81,-0.6,-0.41,-0.52,-0.36,28.9,19.5,0,5,9,440,474
2020-04,86,77.5,8.5,0.72,0.91,0.73,0.97,-0.1,0.18,-0.59,-0.38,27.8,18.5,0,2,13,394,404
2020-05,48,66.3,-18.3,0.79,0.99,0.47,0.71,0.36,0.65,-0.52,-0.29,25.5,14.6,0,3,6,312,395
2020-06,4,63.5,-59.5,-0.56,-0.51,0.71,0.86,0.78,0.97,-0.54,-0.29,26.8,14,0,0,10,312,385
2020-07,14,68.9,-54.9,0.77,1,0.62,0.66,0.8,1.03,-0.49,-0.22,26.7,14.5,0,1,23,329,404
2020-08,16,84.6,-68.6,0.23,0.39,0.18,0.09,0.43,0.65,-0.49,-0.25,26.9,14,0,0,20,324,474
2020-09,19,116.3,-97.3,-0.47,-0.96,-0.08,-0.53,0.36,0.25,-0.48,-0.29,31.5,16.8,4,1,22,424,574
2020-10,115,100.5,14.5,0.42,0.51,0,-0.11,0.19,0.19,-0.08,0.17,29.6,19.4,8,3,9,450,454
2020-11,113,106.1,6.9,-0.91,-0.82,-0.63,-0.67,-0.66,-0.66,-0.05,0.18,29,19.6,0,3,6,430,509
2020-12,220,121.9,98.1,-0.32,-0.43,-0.57,-0.53,-0.61,-0.64,0.15,0.22,30.5,20.7,0,8,5,484,582
2021-01,130,137.7,-7.7,-0.72,-0.84,-1.15,-1.18,-1.06,-1.1,-0.53,-0.44,31.5,20.4,0,3,9,495,663
2021-02,375,92.1,282.9,2.08,2.12,0.59,0.6,0.11,0.18,0.22,0.41,29.7,20.4,0,11,4,422,438
2021-03,84,117.8,-33.8,-0.53,-0.67,0.57,0.55,-0.04,0.1,0.02,0.15,31.3,19.6,0,4,8,478,589
2021-04,36,90.8,-54.8,-0.61,-0.63,1.32,1.36,-0.19,-0.12,-0.18,-0.11,29.2,16.9,0,1,11,392,486
2021-05,11,74.8,-63.8,-0.77,-0.87,-1.01,-1,0.08,0.13,-0.32,-0.28,28.2,15.8,0,1,27,372,414
2021-06,7,59,-52,-0.18,0.1,-1.01,-0.88,0.29,0.31,-0.3,-0.22,26.4,13.7,0,0,18,302,348
2021-07,0,72.8,-72.8,,-1.2,-1.17,-1,1.07,1.1,-0.36,-0.31,26.6,11.9,0,0,31,288,431
2021-08,6,86.4,-80.4,-0.42,-0.28,-0.84,-0.75,-1.29,-1.16,-0.41,-0.39,27.5,14.1,0,0,16,334,466
2021-09,2,109.2,-107.2,-1.93,-1.29,-1.74,-1.41,-1.94,-1.53,-0.48,-0.4,31.2,17.9,5,0,29,436,513
2021-10,183,89.9,93.1,1.42,1.57,0.58,0.64,0.09,0.21,-0.19,-0.09,28,19.7,0,8,4,430,410
2021-11,195,105.6,89.4,0.19,0.17,0.48,0.49,0.29,0.33,0.14,0.2,28.5,19.1,0,7,4,414,518
2021-12,210,106.2,103.8,-0.43,-0.37,0.28,0.44,-0.04,0.05,0.12,0.11,28.7,20,0,7,3,445,513
2022-01,367,126.4,240.6,0.97,0.9,0.44,0.55,0.51,0.66,0.94,1.02,30.9,20.9,0,11,7,493,605
2022-02,255,96.2,158.8,1.36,1.49,1.08,1.17,1.05,1.17,0.53,0.68,30.2,20.7,0,10,2,432,470
2022-03,1,125.1,-124.1,-4.38,-1.9,0.73,0.71,0.66,0.85,0.22,0.38,31.8,19.8,0,0,22,490,617
2022-04,31,93,-62,-0.81,-0.82,-0.17,-0.16,0.23,0.36,0.2,0.35,30.4,18.4,0,1,15,433,482
2022-05,10,73.5,-63.5,-0.85,-0.85,-2.83,-1.9,0.16,0.27,0.2,0.36,27.6,14.7,0,0,15,346,412
2022-06,2,62.6,-60.6,-0.95,-0.61,-1.36,-1.15,0.4,0.39,0.18,0.35,26.7,12.5,0,0,18,289,372
2022-07,0,70.1,-70.1,,-0.71,-1.61,-1.17,-0.5,-0.47,0.18,0.35,27.4,13.5,0,0,31,324,402
2022-08,1,88.2,-87.2,-1.28,-0.79,-1.96,-1.26,-3.37,-2,0.16,0.3,27.6,14.2,0,0,22,339,456
2022-09,25,89,-64,-0.24,0.05,-0.76,-0.54,-1.75,-1.26,0.25,0.47,27.9,16.4,1,1,11,365,427
2022-10,116,117,-1,0.43,0.25,-0.12,-0.12,-0.76,-0.64,-0.01,0.11,30.3,19.2,0,4,11,456,560
2022-11,202,107.1,94.9,0.27,0.24,0.2,0.15,-0.08,-0.11,0.02,0.11,28.4,18.1,0,10,4,396,538
2022-12,257,103.3,153.7,0.07,0.16,0.21,0.23,-0.01,0.06,0.22,0.18,28.6,20.3,0,7,3,447,496
2023-01,315,109.6,205.4,0.68,0.68,0.45,0.63,0.33,0.52,-0.01,0.09,29.4,20.9,0,10,4,469,538
2023-02,65,119.5,-54.5,-0.54,-0.61,0.15,0.26,0.14,0.33,-0.79,-0.69,31.3,21,1,2,7,452,590
2023-03,25,122.6,-97.6,-1.96,-1.55,-0.41,-0.43,-0.29,-0.16,-0.72,-0.59,31.6,20.4,0,0,12,495,602
2023-04,59,82.4,-23.4,0.1,0.19,-1.64,-1.41,-0.35,-0.17,-0.6,-0.44,28.8,19.4,0,2,7,422,414
2023-05,12,73.8,-61.8,-0.7,-0.76,-1.56,-1.29,-0.52,-0.35,-0.56,-0.4,27,15.4,0,0,12,347,438
2023-06,3,63.9,-60.9,-0.73,-0.64,-0.49,-0.45,-0.58,-0.51,-0.55,-0.38,26.2,13.3,0,0,17,292,392
2023-07,23,68.1,-45.1,1.34,1.55,-0.23,-0.36,-1.66,-1.4,-0.46,-0.28,26.2,14.5,0,1,23,322,394
2023-08,38,82.5,-44.5,0.99,1.2,1.03,1.06,-1.07,-0.95,-0.31,-0.13,27.8,15.9,0,2,15,368,443
2023-09,6,102.1,-96.1,-1.31,-0.92,0.3,0.21,-0.31,-0.31,-0.38,-0.24,29.5,18.3,2,0,14,418,506
2023-10,65,110.5,-45.5,-0.61,-0.56,-0.69,-0.61,-0.88,-0.75,-0.58,-0.42,30.8,21.5,2,2,7,502,501
2023-11,73,138.9,-65.9,-1.66,-1.67,-1.82,-1.56,-1.42,-1.37,-1.16,-1.07,32.8,21,12,4,14,508,647
2023-12,59,134.6,-75.6,-2.98,-2.18,-2.76,-2.12,-2.38,-1.98,-1.92,-1.58,32.1,21.9,2,0,9,526,626
2024-01,357,117.5,239.5,0.91,0.9,-0.99,-1.18,-1.14,-1.27,-1.91,-1.71,31.1,22.1,1,10,5,514,549
2024-02,200,112.7,87.3,0.95,0.97,0.04,-0.02,-0.86,-0.98,-1.28,-1.33,31.2,21.8,0,7,5,478,540
2024-03,78,111.1,-33.1,-0.63,-0.66,0.79,0.8,-0.98,-1.07,-1.06,-1.11,31.7,22.4,2,3,8,528,528
2024-04,0,93.8,-93.8,,-1.64,-0.25,-0.26,-1.09,-1.2,-1.37,-1.42,30.5,19.6,0,0,30,450,478
2024-05,4,83.2,-79.2,-1.53,-1.76,-1.83,-1.51,-0.71,-0.74,-1.35,-1.47,30.3,18,0,0,25,438,438
2024-06,0,66.1,-66.1,,-1.15,-4.03,-1.96,0.27,0.23,-1.35,-1.49,28.4,14.4,0,0,30,342,370
2024-07,0,76.6,-76.6,,-2.04,-2.59,-1.93,-0.65,-0.78,-1.48,-1.63,28,14,0,0,31,342,440
2024-08,1,96,-95,-1.28,-1.56,-2.61,-2.05,-2.36,-1.83,-1.68,-1.79,29.1,14.6,0,0,26,367,519
2024-09,1,117.4,-116.4,-2.26,-1.61,-2.62,-2.01,-5.1,-2.43,-1.68,-1.88,31.7,17.7,2,0,25,442,559
2024-10,162,108.1,53.9,1.14,1.1,0.21,-0.2,-0.53,-1.1,-1.17,-1.4,30,19.8,6,6,8,461,501
2024-11,97,108.8,-11.8,-1.18,-1.05,-0.51,-0.65,-0.85,-1.05,-1.08,-1.19,29.3,20.2,2,3,6,442,513
2024-12,263,116.8,146.2,0.13,0.08,-0.1,-0.12,-0.45,-0.63,-0.15,-0.37,30,21.3,2,9,4,486,554
2025-01,163,123.3,39.7,-0.4,-0.5,-0.79,-0.75,-0.68,-0.75,-1.03,-1.11,31,21.6,4,6,4,506,580
2025-02,21,134.5,-113.5,-1.62,-1.41,-0.96,-0.98,-1.13,-1.2,-1.93,-1.95,32.7,21,2,0,11,472,642
2025-03,125,112.8,12.2,0.06,-0.05,-1.05,-1.05,-0.98,-0.97,-1.73,-1.86,31.2,21.2,0,4,5,502,534
2025-04,96,79.7,16.3,0.92,1.07,-0.58,-0.65,-1.1,-1.05,-1.27,-1.4,28.4,20.2,0,3,3,428,395
2025-05,9,70.3,-61.3,-0.94,-0.73,0.14,0.18,-0.82,-0.77,-1.2,-1.29,27,16.9,0,0,18,370,386
2025-06,1,61.8,-60.8,-1.29,-0.63,0.17,0.27,-0.97,-0.9,-1.18,-1.26,26.1,14.9,0,0,26,316,358
2025-07,10,71.4,-61.4,0.44,0.45,-1.05,-0.85,-0.84,-0.83,-1.15,-1.2,25.8,13.2,0,0,13,296,421
2025-08,19,87,-68,0.36,0.41,0.03,-0.17,0.06,0.06,-1.08,-1.08,27,14.3,0,1,29,331,478
2025-09,19,106.1,-87.1,-0.47,-0.63,-0.11,-0.43,-0.11,-0.18,-0.98,-0.93,28.6,16.8,0,1,19,381,525
2025-10,42,115.6,-73.6,-1.29,-1.08,-1.3,-1.22,-1.83,-1.54,-1.5,-1.41,29.1,18.7,1,1,13,430,538
2025-11,70,122.5,-52.5,-1.73,-1.52,-2.02,-1.6,-2.02,-1.66,-1.66,-1.55,29.7,19.5,0,1,4,438,593
2025-12,139,136.1,2.9,-1.37,-1.43,-2.17,-1.82,-2.06,-1.83,-2.07,-1.68,31.7,21.4,6,5,8,512,631
